0.0,0.0,0.0,3.98,-0.05,-0.04,-0.02,126.5,126.2,2202.9,264.28,1155.3,dataRaw/RectangeDatasets/file (3)/data/re (6)
-0.173600000000107,0.30509999999139836,-0.10000000000002274,5.06,0.07,-0.04,-0.04,125.6,126.2,2205.9,264.13,1160.81,dataRaw/RectangeDatasets/file (3)/data/re (6)
-0.3470999999990454,0.6102999999910708,0.6000000000000227,7.33,2.3,-0.07,0.07,124.6,125.6,2213.8,263.94,1165.35,dataRaw/RectangeDatasets/file (3)/data/re (6)
-0.524500000000927,0.9306999999978416,4.699999999999932,7.82,1.3,-0.01,0.02,126.4,125.2,2219.9,263.82,1169.97,dataRaw/RectangeDatasets/file (3)/data/re (6)
-0.7000000000019213,1.2511999999986756,11.199999999999932,8.34,-1.82,0.02,0.03,128.6,125.1,2228.6,263.56,1174.16,dataRaw/RectangeDatasets/file (3)/data/re (6)
-0.8774000000002502,1.5791999999947848,18.600000000000023,8.7,-0.12,-0.03,-0.03,126.2,125.0,2229.1,263.54,1177.96,dataRaw/RectangeDatasets/file (3)/data/re (6)
-1.0548000000021318,1.907299999999168,25.100000000000023,8.82,1.64,-0.1,0.04,123.0,124.5,2232.1,263.44,1180.5,dataRaw/RectangeDatasets/file (3)/data/re (6)
-1.2244999999992956,2.2353999999893404,31.699999999999932,9.55,2.71,-0.05,0.06,123.2,124.0,2225.1,263.28,1182.36,dataRaw/RectangeDatasets/file (3)/data/re (6)
-1.4019000000011772,2.571099999997273,39.299999999999955,9.76,1.58,-0.06,0.01,124.0,124.2,2221.4,263.26,1183.94,dataRaw/RectangeDatasets/file (3)/data/re (6)
-1.5774000000021715,2.8914999999898328,46.5,9.38,3.57,-0.06,-0.01,122.4,124.3,2221.8,263.26,1185.53,dataRaw/RectangeDatasets/file (3)/data/re (6)
-1.7548000000005004,3.219599999994216,54.799999999999955,8.83,2.45,-0.02,-0.02,122.7,124.5,2221.7,263.23,1186.41,dataRaw/RectangeDatasets/file (3)/data/re (6)
-1.9321000000012134,3.547599999990325,63.299999999999955,8.23,5.76,0.02,-0.05,124.2,124.7,2227.7,263.15,1187.09,dataRaw/RectangeDatasets/file (3)/data/re (6)
-2.1228999999998166,3.8832999999982576,69.29999999999995,8.62,1.63,-0.06,-0.04,123.7,125.4,2232.6,263.16,1188.64,dataRaw/RectangeDatasets/file (3)/data/re (6)
-2.3116999999999166,4.226599999995528,75.10000000000002,8.53,2.31,-0.04,-0.04,123.3,125.7,2225.6,263.18,1190.55,dataRaw/RectangeDatasets/file (3)/data/re (6)
-2.4948000000009074,4.554699999999912,80.79999999999995,8.9,2.34,-0.05,-0.04,122.7,125.8,2226.9,263.25,1191.64,dataRaw/RectangeDatasets/file (3)/data/re (6)
-2.6873999999992293,4.882799999990084,86.5,8.87,1.93,-0.06,0.0,122.5,125.9,2223.1,263.26,1193.46,dataRaw/RectangeDatasets/file (3)/data/re (6)
-2.8743999999996106,5.226100000001566,93.60000000000002,8.62,1.49,-0.06,-0.05,123.0,125.9,2219.4,263.35,1194.15,dataRaw/RectangeDatasets/file (3)/data/re (6)
-3.0631999999997106,5.554199999991738,100.79999999999995,8.93,0.69,-0.02,0.01,123.5,125.7,2218.9,263.39,1194.4,dataRaw/RectangeDatasets/file (3)/data/re (6)
-3.253900000000698,5.889799999991396,108.79999999999995,8.8,0.59,-0.02,0.0,124.0,125.3,2219.8,263.51,1195.12,dataRaw/RectangeDatasets/file (3)/data/re (6)
-3.444699999999301,6.248399999989829,117.69999999999993,9.02,1.07,-0.05,0.03,122.7,125.2,2222.4,263.62,1195.32,dataRaw/RectangeDatasets/file (3)/data/re (6)
-3.622000000000014,6.56119999999305,125.30000000000007,8.48,4.06,-0.06,-0.03,121.4,125.2,2220.6,263.76,1195.34,dataRaw/RectangeDatasets/file (3)/data/re (6)
-3.81280000000217,6.912200000002144,134.19999999999993,8.61,2.96,-0.02,-0.07,122.8,125.1,2229.3,263.87,1195.47,dataRaw/RectangeDatasets/file (3)/data/re (6)
-4.005400000000492,7.263100000002964,143.80000000000007,9.67,-0.24,-0.04,0.09,124.1,125.0,2224.0,264.02,1196.02,dataRaw/RectangeDatasets/file (3)/data/re (6)
-4.188500000001483,7.606499999994298,156.10000000000002,10.21,3.16,-0.02,-0.02,124.1,124.8,2233.5,264.17,1195.55,dataRaw/RectangeDatasets/file (3)/data/re (6)
-4.381200000000973,7.942200000002231,169.60000000000002,10.35,2.25,0.0,0.01,123.9,125.0,2227.4,264.33,1195.55,dataRaw/RectangeDatasets/file (3)/data/re (6)
-4.564300000001964,8.27780000000189,182.9999999999999,9.56,2.53,-0.07,-0.12,123.1,125.2,2221.7,264.52,1195.56,dataRaw/RectangeDatasets/file (3)/data/re (6)
-4.758800000001173,8.628799999996772,194.60000000000002,9.15,0.98,-0.03,-0.12,124.1,125.2,2223.8,264.69,1195.57,dataRaw/RectangeDatasets/file (3)/data/re (6)
-4.938100000000389,8.949199999989332,202.9999999999999,9.93,1.77,-0.02,0.02,124.2,125.4,2223.7,264.94,1195.45,dataRaw/RectangeDatasets/file (3)/data/re (6)
-5.132700000000767,9.292599999994877,212.19999999999993,9.5,2.23,-0.06,-0.05,123.3,125.5,2222.7,265.11,1195.63,dataRaw/RectangeDatasets/file (3)/data/re (6)
-5.315800000001758,9.628199999994536,221.9999999999999,9.64,-0.34,0.01,0.05,124.3,125.1,2222.5,265.36,1195.84,dataRaw/RectangeDatasets/file (3)/data/re (6)
-5.500800000000083,9.979199999989419,234.10000000000002,9.45,0.64,-0.05,-0.08,123.1,124.7,2227.3,265.61,1195.94,dataRaw/RectangeDatasets/file (3)/data/re (6)
-5.682000000000187,10.314899999997351,245.4999999999999,10.12,1.6,-0.05,-0.08,123.4,124.1,2223.4,265.82,1195.76,dataRaw/RectangeDatasets/file (3)/data/re (6)
-5.8594000000020685,10.650599999991073,256.4999999999999,10.27,-0.22,0.01,-0.06,125.9,124.0,2222.2,266.11,1196.19,dataRaw/RectangeDatasets/file (3)/data/re (6)
-6.050099999999503,11.024399999996604,266.9999999999999,9.59,-0.52,0.01,-0.07,125.5,124.1,2221.9,266.34,1196.35,dataRaw/RectangeDatasets/file (3)/data/re (6)
-6.225600000000497,11.352500000000987,276.30000000000007,9.73,2.0,0.0,0.16,123.1,124.0,2217.3,266.68,1196.73,dataRaw/RectangeDatasets/file (3)/data/re (6)
-6.391499999999439,11.665299999989998,288.19999999999993,9.77,2.3,-0.07,0.02,121.0,123.9,2222.0,266.94,1197.61,dataRaw/RectangeDatasets/file (3)/data/re (6)
-6.572699999999543,12.016199999990818,301.30000000000007,10.22,2.93,-0.01,-0.04,121.9,123.6,2223.6,267.21,1199.16,dataRaw/RectangeDatasets/file (3)/data/re (6)
-6.750100000001424,12.359599999996362,311.4999999999999,10.71,0.93,-0.02,0.04,123.7,123.7,2217.8,267.5,1200.11,dataRaw/RectangeDatasets/file (3)/data/re (6)
-6.925599999998866,12.695299999990084,322.1,10.5,2.7,0.0,0.13,124.2,123.8,2213.3,267.83,1198.22,dataRaw/RectangeDatasets/file (3)/data/re (6)
-7.1067999999989695,13.038600000001566,333.4999999999999,9.15,4.64,-0.07,-0.11,123.4,124.0,2216.4,268.11,1197.2,dataRaw/RectangeDatasets/file (3)/data/re (6)
-7.284200000000851,13.366699999991738,344.4999999999999,8.04,1.6,-0.01,-0.27,125.0,124.4,2215.9,268.43,1196.08,dataRaw/RectangeDatasets/file (3)/data/re (6)
-7.474900000001838,13.717599999992558,353.6,9.28,3.39,0.0,0.1,125.4,125.0,2220.1,268.89,1196.3,dataRaw/RectangeDatasets/file (3)/data/re (6)
-7.648500000001945,14.03039999999578,364.4,9.33,3.04,-0.02,0.0,124.9,125.3,2221.8,269.11,1196.67,dataRaw/RectangeDatasets/file (3)/data/re (6)
-7.83919999999938,14.366099999989501,377.4,9.95,3.85,-0.04,-0.02,124.3,125.6,2221.9,269.46,1197.6,dataRaw/RectangeDatasets/file (3)/data/re (6)
-8.02799999999948,14.701799999997434,389.19999999999993,9.8,2.42,-0.04,-0.04,125.7,126.0,2222.5,269.79,1197.28,dataRaw/RectangeDatasets/file (3)/data/re (6)
-8.218800000001636,15.029900000001817,400.4999999999999,9.92,2.33,-0.02,-0.03,127.1,126.2,2227.4,270.29,1198.02,dataRaw/RectangeDatasets/file (3)/data/re (6)
-8.407600000001736,15.350299999994377,411.69999999999993,10.06,3.77,-0.01,0.03,127.8,126.6,2225.2,270.62,1198.76,dataRaw/RectangeDatasets/file (3)/data/re (6)
-8.602100000000945,15.67839999999876,423.6,10.49,2.03,0.02,0.04,128.5,127.3,2224.3,270.87,1199.16,dataRaw/RectangeDatasets/file (3)/data/re (6)
-8.800499999999545,16.01409999999248,436.1,10.57,1.78,-0.01,0.05,127.1,127.7,2218.3,271.25,1199.72,dataRaw/RectangeDatasets/file (3)/data/re (6)
-8.981699999999648,16.31919999999809,448.30000000000007,10.59,3.2,-0.05,-0.1,125.1,127.5,2219.0,271.6,1199.95,dataRaw/RectangeDatasets/file (3)/data/re (6)
-9.178200000000913,16.632000000001312,460.30000000000007,10.11,1.35,-0.04,-0.15,124.8,127.5,2211.8,271.95,1199.3,dataRaw/RectangeDatasets/file (3)/data/re (6)
-9.363199999999239,16.944799999990323,469.9999999999999,10.28,2.22,-0.02,-0.05,126.0,127.4,2209.6,272.34,1198.12,dataRaw/RectangeDatasets/file (3)/data/re (6)
-9.553900000000226,17.265299999991157,478.9999999999999,10.33,0.75,0.01,-0.01,126.7,127.5,2219.1,272.73,1196.8,dataRaw/RectangeDatasets/file (3)/data/re (6)
-9.748500000000604,17.57809999999438,486.4,10.44,0.87,-0.03,0.0,126.0,127.7,2205.8,273.12,1196.34,dataRaw/RectangeDatasets/file (3)/data/re (6)
-9.941099999998926,17.8908999999976,493.80000000000007,10.31,1.76,-0.05,0.01,124.2,127.7,2210.3,273.54,1196.85,dataRaw/RectangeDatasets/file (3)/data/re (6)
-10.131799999999913,18.21889999999371,501.30000000000007,10.01,1.88,-0.03,0.0,124.4,127.6,2211.6,273.99,1197.09,dataRaw/RectangeDatasets/file (3)/data/re (6)
-10.322600000002069,18.531799999990994,508.4999999999999,9.36,2.24,-0.04,-0.04,124.4,127.5,2213.6,274.33,1197.13,dataRaw/RectangeDatasets/file (3)/data/re (6)
-10.513299999999504,18.852199999997765,516.1999999999999,9.48,1.53,-0.02,-0.01,125.3,127.4,2211.4,274.68,1196.13,dataRaw/RectangeDatasets/file (3)/data/re (6)
-10.702099999999604,19.172599999990325,523.9,9.73,-0.15,-0.03,0.05,126.2,127.3,2214.8,275.09,1195.71,dataRaw/RectangeDatasets/file (3)/data/re (6)
-10.888999999998816,19.485399999993547,532.8000000000001,9.88,0.26,-0.04,0.03,126.4,127.0,2218.3,275.49,1195.95,dataRaw/RectangeDatasets/file (3)/data/re (6)
-11.08170000000186,19.80589999999438,541.6999999999999,10.0,3.67,-0.02,-0.03,125.4,126.9,2213.4,276.02,1195.45,dataRaw/RectangeDatasets/file (3)/data/re (6)
-11.268600000001072,20.12630000000115,550.9999999999999,10.65,1.23,-0.03,0.04,125.6,127.0,2216.5,276.27,1195.99,dataRaw/RectangeDatasets/file (3)/data/re (6)
-11.457400000001172,20.44669999999371,561.6,10.18,-0.86,-0.01,-0.03,126.5,127.0,2213.7,276.7,1196.18,dataRaw/RectangeDatasets/file (3)/data/re (6)
-11.644400000001554,20.759499999996933,571.1999999999999,10.26,0.49,-0.02,0.0,124.9,126.8,2213.8,277.07,1195.9,dataRaw/RectangeDatasets/file (3)/data/re (6)
-11.84650000000076,21.102900000002478,581.6,9.91,0.12,-0.06,-0.04,122.5,126.2,2209.6,277.58,1195.91,dataRaw/RectangeDatasets/file (3)/data/re (6)
-12.193700000000973,21.72849999999471,598.8000000000001,10.15,1.38,-0.05,0.01,122.8,125.5,2212.6,278.32,1196.32,dataRaw/RectangeDatasets/file (3)/data/re (6)
-12.382500000001073,22.064200000002643,607.4999999999999,10.15,3.35,-0.03,-0.06,124.1,125.6,2209.1,278.72,1196.78,dataRaw/RectangeDatasets/file (3)/data/re (6)
-12.552299999999406,22.36929999999404,614.3000000000001,9.46,1.26,0.0,-0.09,125.7,125.8,2211.8,279.08,1196.82,dataRaw/RectangeDatasets/file (3)/data/re (6)
-12.762099999999776,22.727899999992474,621.4,9.09,0.52,-0.02,0.0,125.0,125.9,2207.7,279.66,1196.88,dataRaw/RectangeDatasets/file (3)/data/re (6)
-13.1054000000006,23.345899999995368,630.8000000000001,8.53,0.57,-0.04,0.01,124.0,125.5,2212.9,280.44,1197.91,dataRaw/RectangeDatasets/file (3)/data/re (6)
-13.290399999998925,23.67399999999975,636.1,8.66,-0.26,-0.01,-0.02,125.2,125.3,2213.4,280.73,1198.27,dataRaw/RectangeDatasets/file (3)/data/re (6)
-13.471599999999029,24.009699999993472,641.6999999999999,8.77,0.2,-0.02,0.0,124.9,125.3,2214.5,281.13,1198.54,dataRaw/RectangeDatasets/file (3)/data/re (6)
-13.662300000000016,24.352999999990743,648.1,9.04,-0.09,-0.01,0.0,124.6,124.9,2219.3,281.63,1198.72,dataRaw/RectangeDatasets/file (3)/data/re (6)
-13.84350000000012,24.681000000001063,654.8000000000001,9.12,-0.1,-0.01,-0.05,123.7,124.7,2218.2,281.93,1198.73,dataRaw/RectangeDatasets/file (3)/data/re (6)
-14.007599999999343,25.001500000001897,661.1,9.49,1.11,-0.05,0.0,122.5,124.4,2217.9,282.44,1198.25,dataRaw/RectangeDatasets/file (3)/data/re (6)
-14.192600000001221,25.344799999999168,668.1999999999999,9.72,1.54,-0.05,0.04,122.4,124.2,2217.3,282.71,1198.35,dataRaw/RectangeDatasets/file (3)/data/re (6)
-14.36999999999955,25.68809999999644,675.9,9.42,0.74,0.0,-0.03,124.6,123.9,2212.5,283.06,1198.5,dataRaw/RectangeDatasets/file (3)/data/re (6)
-14.547300000000263,26.02379999999016,683.6999999999999,9.73,-0.7,0.0,0.01,125.4,124.1,2216.8,283.5,1198.78,dataRaw/RectangeDatasets/file (3)/data/re (6)
-14.724700000002144,26.351899999994544,691.4999999999999,9.54,0.91,-0.05,0.01,123.7,124.1,2213.5,283.89,1199.78,dataRaw/RectangeDatasets/file (3)/data/re (6)
-14.898299999998699,26.695199999991814,700.4999999999999,9.47,1.54,0.0,-0.12,123.3,123.9,2212.0,284.31,1200.93,dataRaw/RectangeDatasets/file (3)/data/re (6)
-15.083300000000577,27.038500000003296,708.4999999999999,9.55,1.36,-0.01,-0.03,123.3,123.8,2211.6,284.72,1200.31,dataRaw/RectangeDatasets/file (3)/data/re (6)
-15.247300000002184,27.351299999992307,714.6999999999999,9.35,4.87,-0.02,-0.06,122.4,124.0,2213.3,285.19,1200.4,dataRaw/RectangeDatasets/file (3)/data/re (6)
-15.432400000001678,27.69469999999785,721.9999999999999,9.16,2.05,-0.01,0.01,122.9,124.3,2214.3,285.45,1200.02,dataRaw/RectangeDatasets/file (3)/data/re (6)
-15.613600000001782,28.03029999999751,729.1999999999999,9.1,5.11,-0.02,-0.07,123.7,124.6,2211.6,285.86,1199.91,dataRaw/RectangeDatasets/file (3)/data/re (6)
-15.79669999999922,28.373700000003055,736.3000000000001,9.01,1.77,-0.01,-0.03,125.4,124.9,2216.3,286.22,1198.64,dataRaw/RectangeDatasets/file (3)/data/re (6)
-15.981700000001098,28.701699999999164,742.6999999999999,9.44,2.14,-0.01,0.01,126.4,125.4,2208.1,286.66,1198.06,dataRaw/RectangeDatasets/file (3)/data/re (6)
-16.18000000000208,29.045099999990498,750.6,9.09,2.08,-0.02,-0.02,125.6,125.7,2208.2,286.99,1198.02,dataRaw/RectangeDatasets/file (3)/data/re (6)
-16.35360000000219,29.36549999999727,757.4999999999999,9.34,1.68,-0.03,0.07,125.6,125.9,2218.3,287.38,1197.69,dataRaw/RectangeDatasets/file (3)/data/re (6)
-16.548199999999014,29.70119999999099,765.6999999999999,9.58,2.35,-0.02,0.04,125.9,126.0,2211.8,287.81,1197.02,dataRaw/RectangeDatasets/file (3)/data/re (6)
-16.742700000001776,30.036899999998923,775.3000000000001,9.5,1.3,-0.03,-0.03,126.0,126.2,2213.3,288.17,1196.32,dataRaw/RectangeDatasets/file (3)/data/re (6)
-16.935300000000097,30.364899999995032,784.4999999999999,9.5,2.96,0.0,-0.01,126.8,126.3,2216.6,288.56,1196.54,dataRaw/RectangeDatasets/file (3)/data/re (6)
-17.1260999999987,30.692999999999415,793.8000000000001,9.21,0.71,-0.03,-0.08,126.7,126.7,2214.3,288.9,1197.43,dataRaw/RectangeDatasets/file (3)/data/re (6)
-17.320600000001463,31.028699999993137,802.8000000000001,9.68,0.27,-0.03,-0.05,126.6,126.9,2212.0,289.38,1197.63,dataRaw/RectangeDatasets/file (3)/data/re (6)
-17.511400000000066,31.36440000000107,811.9,10.01,1.7,0.01,-0.01,126.3,126.6,2208.3,289.67,1197.95,dataRaw/RectangeDatasets/file (3)/data/re (6)
-17.71349999999927,31.70769999999834,822.4,9.92,0.86,-0.05,-0.01,125.0,126.7,2211.5,290.02,1197.2,dataRaw/RectangeDatasets/file (3)/data/re (6)
-17.894699999999375,32.01289999999801,831.6,10.35,3.68,-0.06,0.08,124.4,126.5,2211.3,290.37,1197.42,dataRaw/RectangeDatasets/file (3)/data/re (6)
-18.08550000000153,32.348599999991734,843.4999999999999,9.73,1.98,-0.01,-0.05,125.8,126.4,2212.4,290.73,1196.65,dataRaw/RectangeDatasets/file (3)/data/re (6)
-18.276199999998965,32.668999999998505,855.3000000000001,9.65,1.13,-0.04,-0.06,126.7,126.7,2216.3,291.1,1196.38,dataRaw/RectangeDatasets/file (3)/data/re (6)
-18.46890000000201,32.99710000000289,866.4999999999999,9.99,1.37,-0.04,-0.04,126.4,127.0,2209.5,291.46,1197.34,dataRaw/RectangeDatasets/file (3)/data/re (6)
-18.659599999999443,33.31749999999545,875.9999999999999,9.55,0.96,-0.04,-0.02,125.9,127.0,2214.8,291.84,1198.14,dataRaw/RectangeDatasets/file (3)/data/re (6)
-18.85030000000043,33.64559999999983,885.4999999999999,9.39,0.1,-0.01,0.01,125.7,127.0,2209.3,292.15,1198.92,dataRaw/RectangeDatasets/file (3)/data/re (6)
-19.04869999999903,33.98129999999355,895.4,9.59,1.94,-0.05,0.01,124.7,126.8,2211.5,292.51,1198.84,dataRaw/RectangeDatasets/file (3)/data/re (6)
-19.229899999999134,34.28639999999916,904.9,9.31,0.16,-0.02,-0.02,125.7,126.6,2211.3,292.86,1199.37,dataRaw/RectangeDatasets/file (3)/data/re (6)
-19.413000000000125,34.622099999992884,915.4,9.02,0.98,-0.01,-0.01,126.4,126.3,2212.6,293.19,1199.66,dataRaw/RectangeDatasets/file (3)/data/re (6)
-19.605600000002,34.957800000000816,926.3000000000001,8.13,1.19,-0.03,-0.11,126.4,126.1,2211.2,293.5,1199.67,dataRaw/RectangeDatasets/file (3)/data/re (6)
-19.792599999998828,35.28589999999099,934.4999999999999,6.38,2.13,-0.02,-0.15,126.3,126.0,2217.2,293.85,1199.82,dataRaw/RectangeDatasets/file (3)/data/re (6)
-19.981399999998928,35.61399999999537,938.4,5.02,0.3,-0.02,-0.12,127.0,125.8,2221.4,294.19,1200.39,dataRaw/RectangeDatasets/file (3)/data/re (6)
-20.17590000000169,35.94969999998909,938.9,3.87,1.66,-0.03,-0.12,126.9,125.9,2220.6,294.5,1200.95,dataRaw/RectangeDatasets/file (3)/data/re (6)
-20.3799999999994,36.315899999991075,937.1,3.26,2.1,-0.03,-0.08,126.8,126.1,2227.4,294.85,1202.04,dataRaw/RectangeDatasets/file (3)/data/re (6)
-20.780600000001925,37.01780000000099,929.8000000000001,3.32,-0.44,0.0,0.02,128.1,126.1,2239.9,295.47,1204.41,dataRaw/RectangeDatasets/file (3)/data/re (6)
-20.975100000001135,37.35349999999471,926.8000000000001,3.33,0.21,-0.01,0.03,127.6,126.1,2244.4,295.78,1205.51,dataRaw/RectangeDatasets/file (3)/data/re (6)
-21.190600000000615,37.73489999998958,923.8000000000001,3.22,-0.11,-0.03,0.04,126.6,125.9,2245.4,296.11,1206.31,dataRaw/RectangeDatasets/file (3)/data/re (6)
-21.41759999999948,38.139299999997434,920.9,2.97,0.47,0.0,-0.08,126.0,125.8,2256.4,296.48,1205.86,dataRaw/RectangeDatasets/file (3)/data/re (6)
-21.835299999999336,38.879299999990735,915.6999999999999,3.65,2.07,-0.03,0.08,125.5,125.9,2248.3,297.05,1207.78,dataRaw/RectangeDatasets/file (3)/data/re (6)
-22.056599999999094,39.26839999999743,914.8000000000001,2.86,0.1,0.01,-0.08,126.7,126.1,2261.2,297.44,1208.81,dataRaw/RectangeDatasets/file (3)/data/re (6)
-22.293099999998844,39.67279999999107,914.3000000000001,2.56,0.52,-0.01,-0.02,126.1,126.4,2266.8,297.65,1209.75,dataRaw/RectangeDatasets/file (3)/data/re (6)
-22.504800000000103,40.03899999999305,913.1,2.53,1.59,-0.01,0.0,125.9,126.3,2226.5,297.98,1210.87,dataRaw/RectangeDatasets/file (3)/data/re (6)
-22.733699999999857,40.443400000000906,911.6999999999999,2.61,1.63,-0.02,-0.04,126.4,126.3,2128.7,298.23,1215.75,dataRaw/RectangeDatasets/file (3)/data/re (6)
-22.96829999999872,40.847700000000486,910.4999999999999,3.08,0.37,0.03,0.01,128.1,126.5,2071.6,298.62,1223.55,dataRaw/RectangeDatasets/file (3)/data/re (6)
-23.208600000000246,41.23679999999297,909.4,3.21,0.56,0.01,0.01,127.8,126.9,2058.0,298.82,1230.03,dataRaw/RectangeDatasets/file (3)/data/re (6)
-23.44319999999911,41.64120000000082,908.6,2.93,0.88,0.0,-0.02,126.9,127.2,2027.9,299.09,1234.8,dataRaw/RectangeDatasets/file (3)/data/re (6)
-23.67969999999886,42.030299999993304,907.9,2.88,-0.35,0.0,-0.03,127.0,127.3,1989.7,299.38,1235.89,dataRaw/RectangeDatasets/file (3)/data/re (6)
-23.925800000000663,42.449899999994045,907.6999999999999,3.23,1.02,0.01,0.01,126.8,127.6,1984.6,299.6,1234.98,dataRaw/RectangeDatasets/file (3)/data/re (6)
-24.146999999999252,42.80849999999248,908.4,3.09,-3.99,0.01,-0.01,127.1,127.5,1982.3,299.87,1234.94,dataRaw/RectangeDatasets/file (3)/data/re (6)
-24.383499999999003,43.21279999999206,909.6,3.13,-11.13,0.03,-0.03,126.8,126.8,1986.2,300.1,1235.13,dataRaw/RectangeDatasets/file (3)/data/re (6)
-24.608600000000536,43.62479999998925,909.6999999999999,4.34,-15.01,0.03,0.1,123.5,124.9,1988.0,300.37,1234.95,dataRaw/RectangeDatasets/file (3)/data/re (6)
-24.806999999999135,44.03680000000065,910.6999999999999,4.15,-19.01,0.0,0.11,118.8,121.8,1985.8,300.75,1234.38,dataRaw/RectangeDatasets/file (3)/data/re (6)
-24.984400000001017,44.46409999999901,912.3000000000001,2.67,-19.68,-0.01,0.06,113.9,118.0,1976.6,300.88,1234.23,dataRaw/RectangeDatasets/file (3)/data/re (6)
-25.131200000000575,44.90659999999025,912.8000000000001,1.79,-18.39,-0.01,-0.02,109.4,113.6,1977.2,301.2,1233.48,dataRaw/RectangeDatasets/file (3)/data/re (6)
-25.253299999999257,45.3871999999933,912.6999999999999,2.89,-20.29,-0.03,0.22,105.7,109.3,2017.2,301.32,1234.54,dataRaw/RectangeDatasets/file (3)/data/re (6)
-25.335300000001837,45.814499999991654,915.1,2.5,-20.79,0.02,0.04,101.3,105.1,2025.0,301.61,1236.6,dataRaw/RectangeDatasets/file (3)/data/re (6)
-25.400199999999984,46.302699999998254,912.3000000000001,2.49,-18.86,-0.04,0.04,95.7,100.5,2023.9,301.83,1237.6,dataRaw/RectangeDatasets/file (3)/data/re (6)
-25.41349999999909,46.77579999999182,916.9,3.03,-20.43,-0.01,0.1,93.5,96.0,2018.0,301.9,1238.19,dataRaw/RectangeDatasets/file (3)/data/re (6)
-25.40400000000176,47.26409999999248,918.4999999999999,2.81,-19.24,0.04,0.03,91.3,91.6,2021.0,302.16,1238.82,dataRaw/RectangeDatasets/file (3)/data/re (6)
-25.379199999999713,47.74469999999553,910.6,1.59,-18.09,0.02,-0.05,85.9,88.0,2022.6,302.33,1240.22,dataRaw/RectangeDatasets/file (3)/data/re (6)
-25.308599999998904,48.240599999999745,913.9999999999999,1.96,-19.5,-0.04,0.19,80.6,84.1,2022.0,302.37,1242.17,dataRaw/RectangeDatasets/file (3)/data/re (6)
-25.222800000001655,48.690699999994536,911.1999999999999,1.96,-19.7,-0.02,-0.04,77.5,79.9,2022.7,302.68,1243.09,dataRaw/RectangeDatasets/file (3)/data/re (6)
-25.089300000001202,49.17139999999165,910.4,2.63,-21.38,0.0,0.18,73.9,75.0,2021.7,302.8,1242.85,dataRaw/RectangeDatasets/file (3)/data/re (6)
-24.92520000000198,49.63680000000181,911.9999999999999,2.54,-19.39,-0.04,0.07,69.5,70.2,2023.3,302.91,1243.03,dataRaw/RectangeDatasets/file (3)/data/re (6)
-24.734500000000992,50.079299999993054,912.6,3.38,-19.27,0.02,0.02,66.5,65.9,2026.4,302.94,1243.39,dataRaw/RectangeDatasets/file (3)/data/re (6)
-24.51510000000212,50.506499999997345,913.4,2.94,-19.41,-0.01,0.0,62.5,62.2,2030.7,303.16,1243.92,dataRaw/RectangeDatasets/file (3)/data/re (6)
-24.27289999999971,50.91849999999454,912.6999999999999,3.0,-18.07,-0.02,0.01,57.8,58.5,2029.5,303.25,1244.19,dataRaw/RectangeDatasets/file (3)/data/re (6)
-23.990600000001194,51.33809999999528,911.8000000000001,3.45,-19.28,0.0,0.11,53.9,54.3,2030.5,303.21,1245.27,dataRaw/RectangeDatasets/file (3)/data/re (6)
-23.702600000000018,51.69669999999371,912.1,3.59,-19.6,0.02,0.06,50.3,50.3,2031.2,303.4,1245.81,dataRaw/RectangeDatasets/file (3)/data/re (6)
-23.406999999998845,52.024799999998095,912.3000000000001,3.38,-19.43,0.0,0.02,46.1,46.4,2030.9,303.52,1246.01,dataRaw/RectangeDatasets/file (3)/data/re (6)
-23.06559999999891,52.35290000000248,911.9999999999999,3.04,-17.72,-0.02,-0.01,42.4,42.5,2027.9,303.57,1245.52,dataRaw/RectangeDatasets/file (3)/data/re (6)
-22.712699999999586,52.64280000000099,910.4,2.76,-10.62,-0.02,-0.02,38.8,38.9,2027.4,303.59,1245.21,dataRaw/RectangeDatasets/file (3)/data/re (6)
-22.348400000002044,52.92509999999595,908.4999999999999,2.96,-5.09,-0.03,0.06,37.2,36.4,2026.0,303.68,1245.07,dataRaw/RectangeDatasets/file (3)/data/re (6)
-21.982200000000063,53.20729999999685,906.9999999999999,2.19,0.3,-0.02,-0.14,36.8,35.1,2028.1,303.59,1245.16,dataRaw/RectangeDatasets/file (3)/data/re (6)
-21.610299999998972,53.47439999999892,904.4999999999999,2.5,0.34,0.01,0.02,37.5,34.9,2030.9,303.7,1245.67,dataRaw/RectangeDatasets/file (3)/data/re (6)
-21.223100000000272,53.74899999999627,903.9,2.43,-1.83,-0.01,-0.04,37.8,34.9,2031.3,303.64,1245.37,dataRaw/RectangeDatasets/file (3)/data/re (6)
-20.87590000000006,54.000799999997184,903.8000000000001,3.44,-3.08,0.0,0.06,37.5,34.5,2031.0,303.76,1244.92,dataRaw/RectangeDatasets/file (3)/data/re (6)
-20.500200000000746,54.267799999990984,905.4,3.26,-0.53,-0.01,-0.02,36.5,33.9,2029.1,303.82,1243.98,dataRaw/RectangeDatasets/file (3)/data/re (6)
-20.11489999999938,54.527199999995446,907.4,3.79,0.93,-0.04,0.07,35.3,33.6,2028.0,303.83,1243.38,dataRaw/RectangeDatasets/file (3)/data/re (6)
-19.7390999999989,54.78659999999991,910.3000000000001,3.55,0.64,0.0,0.01,36.2,33.6,2027.1,303.82,1243.55,dataRaw/RectangeDatasets/file (3)/data/re (6)
-19.363399999999586,55.04599999999016,912.9999999999999,3.69,-0.53,0.0,0.08,36.7,33.6,2024.2,303.84,1243.77,dataRaw/RectangeDatasets/file (3)/data/re (6)
-18.972399999999112,55.31309999999223,915.4999999999999,3.12,0.07,0.0,-0.06,36.0,33.5,2025.9,303.84,1243.92,dataRaw/RectangeDatasets/file (3)/data/re (6)
-18.62910000000184,55.54959999999198,916.4,3.6,2.09,-0.02,0.03,35.3,33.5,2028.7,303.77,1243.84,dataRaw/RectangeDatasets/file (3)/data/re (6)
-18.245700000001364,55.816599999999994,918.6,3.83,1.82,0.0,0.02,36.4,33.5,2026.3,303.74,1243.62,dataRaw/RectangeDatasets/file (3)/data/re (6)
-17.877600000002047,56.075999999990245,921.1999999999999,3.18,-0.24,0.0,-0.09,37.2,33.8,2023.4,303.72,1243.43,dataRaw/RectangeDatasets/file (3)/data/re (6)
-17.511400000000066,56.32779999999116,922.9,2.87,0.62,0.0,0.0,36.5,33.9,2019.4,303.6,1242.39,dataRaw/RectangeDatasets/file (3)/data/re (6)
-17.14319999999958,56.58719999999562,925.4999999999999,2.63,-0.51,-0.01,-0.11,35.5,34.0,2012.4,303.51,1241.77,dataRaw/RectangeDatasets/file (3)/data/re (6)
-16.773199999999377,56.84660000000008,927.8000000000001,2.56,-0.98,-0.03,-0.04,35.3,33.6,2009.4,303.61,1240.95,dataRaw/RectangeDatasets/file (3)/data/re (6)
-16.40510000000006,57.09069999998917,928.3000000000001,2.85,-1.21,0.01,0.02,35.7,33.3,2008.5,303.58,1239.39,dataRaw/RectangeDatasets/file (3)/data/re (6)
-16.02940000000075,57.34249999999008,928.6999999999999,3.22,-0.01,0.0,0.04,35.7,33.0,2009.2,303.55,1237.54,dataRaw/RectangeDatasets/file (3)/data/re (6)
-15.644099999999383,57.60949999999809,929.3000000000001,2.85,0.15,0.0,-0.02,35.7,32.9,2009.4,303.37,1236.68,dataRaw/RectangeDatasets/file (3)/data/re (6)
-15.295000000001835,57.830799999990745,928.1999999999999,3.19,-0.91,0.03,0.05,35.9,32.7,2011.4,303.42,1237.11,dataRaw/RectangeDatasets/file (3)/data/re (6)
-14.91359999999986,58.09019999999521,927.9,2.79,-0.79,-0.03,-0.03,34.7,32.5,2012.8,303.33,1237.2,dataRaw/RectangeDatasets/file (3)/data/re (6)
-14.539700000000266,58.33429999999851,927.8000000000001,2.74,1.54,-0.03,-0.02,34.3,32.1,2008.1,303.28,1237.28,dataRaw/RectangeDatasets/file (3)/data/re (6)
-14.164000000000954,58.57840000000181,927.1,2.71,1.67,-0.02,0.01,35.7,32.1,2005.2,303.2,1237.4,dataRaw/RectangeDatasets/file (3)/data/re (6)
-13.791999999998694,58.83020000000272,926.1,2.6,1.52,0.02,-0.03,37.3,32.3,2001.0,303.13,1236.23,dataRaw/RectangeDatasets/file (3)/data/re (6)
-13.406700000000882,59.08959999999297,924.6999999999999,2.88,0.68,-0.02,0.01,36.7,32.8,1999.5,302.94,1234.57,dataRaw/RectangeDatasets/file (3)/data/re (6)
-13.055800000000062,59.31849999998917,922.9,3.33,-8.51,0.03,0.0,37.5,32.5,2005.4,302.98,1234.64,dataRaw/RectangeDatasets/file (3)/data/re (6)
-12.668600000001362,59.55500000000313,921.1999999999999,4.59,-13.83,0.08,0.13,36.6,31.1,2005.5,302.91,1234.39,dataRaw/RectangeDatasets/file (3)/data/re (6)
-12.279500000001775,59.776299999995786,921.6,3.64,-17.98,0.03,-0.02,31.7,28.8,2001.1,302.8,1233.17,dataRaw/RectangeDatasets/file (3)/data/re (6)
-11.882799999998639,59.974599999989664,919.4,3.57,-19.6,0.02,0.18,24.4,25.5,1996.5,302.77,1231.87,dataRaw/RectangeDatasets/file (3)/data/re (6)
-11.474599999999668,60.127199999996606,918.9,2.47,-22.59,-0.04,0.07,18.7,20.9,1992.3,302.64,1231.53,dataRaw/RectangeDatasets/file (3)/data/re (6)
-11.053100000001592,60.24929999999529,916.1999999999999,2.68,-18.71,-0.04,0.04,14.3,16.2,1986.6,302.53,1230.77,dataRaw/RectangeDatasets/file (3)/data/re (6)
-10.595300000002084,60.340799999991646,913.1999999999999,2.94,-18.24,0.0,0.07,10.4,11.8,1982.4,302.47,1231.04,dataRaw/RectangeDatasets/file (3)/data/re (6)
-10.171899999999567,60.371299999999906,911.1999999999999,2.41,-20.12,0.0,-0.04,6.9,7.7,1979.6,302.36,1230.74,dataRaw/RectangeDatasets/file (3)/data/re (6)
-9.763700000000597,60.37899999999752,907.1999999999999,2.29,-19.28,0.01,-0.04,2.4,3.9,1981.4,302.24,1230.39,dataRaw/RectangeDatasets/file (3)/data/re (6)
-9.311700000001366,60.35609999999281,901.9,2.33,-20.82,-0.03,0.08,357.6,359.7,1980.2,302.11,1229.45,dataRaw/RectangeDatasets/file (3)/data/re (6)
-8.874900000002128,60.287399999992886,898.1,2.57,-19.36,0.0,0.13,353.5,355.0,1988.8,301.89,1228.71,dataRaw/RectangeDatasets/file (3)/data/re (6)
-8.438099999999338,60.172999999991816,896.4999999999999,1.91,-19.84,0.0,0.1,348.9,350.5,2026.9,301.93,1229.08,dataRaw/RectangeDatasets/file (3)/data/re (6)
-8.010900000002152,60.03570000000025,895.6999999999999,1.71,-19.74,-0.02,0.07,344.1,346.4,2049.3,301.71,1231.9,dataRaw/RectangeDatasets/file (3)/data/re (6)
-7.591200000000242,59.852599999999256,893.8000000000001,2.52,-20.46,0.0,0.12,340.0,342.2,2052.8,301.68,1233.39,dataRaw/RectangeDatasets/file (3)/data/re (6)
-7.163999999999504,59.623700000003055,893.4,2.74,-20.25,-0.03,0.14,334.9,337.6,2050.4,301.56,1235.75,dataRaw/RectangeDatasets/file (3)/data/re (6)
-6.797800000001075,59.38719999998909,894.4999999999999,3.03,-19.25,-0.03,0.11,330.5,333.3,2041.9,301.33,1237.52,dataRaw/RectangeDatasets/file (3)/data/re (6)
-6.408700000001488,59.08959999999297,894.9,2.72,-19.91,-0.06,0.2,326.8,328.8,2042.4,301.3,1239.47,dataRaw/RectangeDatasets/file (3)/data/re (6)
-6.053900000001278,58.76920000000041,898.4,3.77,-19.72,-0.02,0.16,322.6,324.3,2048.1,301.2,1239.92,dataRaw/RectangeDatasets/file (3)/data/re (6)
-5.720100000001338,58.41060000000198,902.1999999999999,4.7,-19.11,-0.03,0.06,317.4,320.0,2052.3,301.13,1240.07,dataRaw/RectangeDatasets/file (3)/data/re (6)
-5.411099999999891,58.029099999998834,905.4999999999999,3.87,-19.07,-0.02,0.03,314.1,315.8,2047.2,301.01,1240.77,dataRaw/RectangeDatasets/file (3)/data/re (6)
-5.115499999998718,57.61710000000164,908.3000000000001,3.64,-17.57,-0.02,-0.03,309.5,312.1,2050.7,300.87,1241.19,dataRaw/RectangeDatasets/file (3)/data/re (6)
-4.869500000001636,57.2203999999914,908.1999999999999,2.53,-14.08,-0.05,0.01,305.6,308.8,2047.4,300.74,1240.9,dataRaw/RectangeDatasets/file (3)/data/re (6)
-4.615799999999837,56.77790000000016,907.1999999999999,2.31,-4.24,-0.01,0.05,302.9,306.0,2047.2,300.62,1241.26,dataRaw/RectangeDatasets/file (3)/data/re (6)
-4.377399999999199,56.335399999994706,905.8000000000001,1.33,-0.79,-0.03,0.03,301.5,304.6,2048.1,300.47,1242.26,dataRaw/RectangeDatasets/file (3)/data/re (6)
-4.148499999999444,55.892899999989254,904.3000000000001,0.78,-1.56,0.01,-0.04,304.1,303.8,2045.6,300.35,1243.06,dataRaw/RectangeDatasets/file (3)/data/re (6)
-3.915800000001468,55.45039999999801,900.8000000000001,1.85,3.76,0.0,0.11,305.1,303.6,2044.6,300.22,1243.26,dataRaw/RectangeDatasets/file (3)/data/re (6)
-3.67740000000083,54.9925999999914,897.6999999999999,2.53,2.72,0.02,0.04,306.6,304.1,2048.7,300.08,1243.2,dataRaw/RectangeDatasets/file (3)/data/re (6)
-3.431299999999027,54.54249999999661,894.1999999999999,2.01,1.34,0.05,-0.04,307.2,304.8,2044.5,299.94,1243.44,dataRaw/RectangeDatasets/file (3)/data/re (6)
-3.1756999999998925,54.084699999989994,889.4999999999999,2.9,0.74,-0.01,0.08,304.7,305.5,2045.5,299.81,1242.28,dataRaw/RectangeDatasets/file (3)/data/re (6)
-2.9430000000019163,53.6726999999928,887.1999999999999,3.05,-0.3,-0.05,0.01,303.7,305.3,2044.5,299.69,1241.37,dataRaw/RectangeDatasets/file (3)/data/re (6)
-2.6873999999992293,53.20729999999685,886.1,3.12,0.03,-0.01,0.08,304.3,305.3,2046.5,299.54,1240.91,dataRaw/RectangeDatasets/file (3)/data/re (6)
-2.4414000000021474,52.764799999991396,886.4999999999999,4.05,0.6,-0.02,0.14,304.0,305.3,2053.4,299.4,1241.68,dataRaw/RectangeDatasets/file (3)/data/re (6)
-2.1915000000021223,52.314699999996606,889.1,3.64,1.05,0.0,-0.03,304.5,305.2,2052.2,299.27,1242.76,dataRaw/RectangeDatasets/file (3)/data/re (6)
-1.941699999999713,51.864600000001815,891.1999999999999,4.43,2.49,-0.02,0.02,304.2,305.3,2051.4,299.15,1243.58,dataRaw/RectangeDatasets/file (3)/data/re (6)
-1.6956000000014626,51.41439999999875,895.1,4.5,2.85,0.01,0.12,305.0,305.5,2049.1,299.01,1243.5,dataRaw/RectangeDatasets/file (3)/data/re (6)
-1.4362000000005537,50.96429999998975,900.6999999999999,3.5,0.98,0.03,-0.07,306.5,305.7,2046.2,298.86,1242.84,dataRaw/RectangeDatasets/file (3)/data/re (6)
-1.205399999999912,50.552299999992556,902.8000000000001,3.37,3.03,0.0,-0.04,305.7,306.0,2041.1,298.73,1243.16,dataRaw/RectangeDatasets/file (3)/data/re (6)
-0.9441000000016686,50.102199999997765,903.6999999999999,3.3,2.63,-0.01,0.03,305.6,306.3,2042.3,298.6,1243.21,dataRaw/RectangeDatasets/file (3)/data/re (6)
-0.6924000000019248,49.66729999999586,905.3000000000001,3.08,2.55,-0.01,-0.01,306.3,306.7,2044.9,298.5,1242.93,dataRaw/RectangeDatasets/file (3)/data/re (6)
-0.4367999999992378,49.23239999999396,906.6,2.88,1.48,0.03,-0.01,307.2,307.0,2049.4,298.33,1242.0,dataRaw/RectangeDatasets/file (3)/data/re (6)
-0.1774000000018816,48.80519999998967,907.1999999999999,3.58,1.05,0.0,0.06,306.6,307.4,2053.7,298.21,1241.34,dataRaw/RectangeDatasets/file (3)/data/re (6)
0.0819999999990273,48.370300000001976,909.3000000000001,2.99,2.19,0.02,-0.01,306.3,307.5,2054.1,298.06,1240.81,dataRaw/RectangeDatasets/file (3)/data/re (6)
0.3585999999984324,47.920199999992974,911.6999999999999,2.99,0.38,0.03,0.05,306.7,307.7,2049.9,297.95,1240.4,dataRaw/RectangeDatasets/file (3)/data/re (6)
0.6123000000002321,47.50059999999223,913.3000000000001,2.78,-2.22,-0.02,-0.06,306.6,307.6,2050.3,297.8,1240.85,dataRaw/RectangeDatasets/file (3)/data/re (6)
0.8544999999990921,47.09619999999859,914.3000000000001,2.69,-2.29,0.0,-0.03,307.0,307.1,2053.7,297.68,1241.33,dataRaw/RectangeDatasets/file (3)/data/re (6)
1.113900000000001,46.64609999998959,915.1,3.11,0.41,-0.04,0.04,305.0,306.9,2050.2,297.55,1242.18,dataRaw/RectangeDatasets/file (3)/data/re (6)
1.367599999998248,46.211200000001895,917.3000000000001,3.77,1.19,-0.04,0.06,304.0,306.4,2051.3,297.45,1241.47,dataRaw/RectangeDatasets/file (3)/data/re (6)
1.6192999999979918,45.77629999999999,919.6999999999999,2.96,-0.38,0.02,0.01,305.2,306.3,2045.5,297.31,1241.84,dataRaw/RectangeDatasets/file (3)/data/re (6)
1.869199999998017,45.34139999999809,920.9,2.71,0.54,-0.03,-0.01,304.4,306.2,2045.2,297.19,1242.18,dataRaw/RectangeDatasets/file (3)/data/re (6)
2.119099999998042,44.90659999999025,921.8000000000001,3.01,2.11,-0.02,-0.02,303.8,306.0,2045.2,297.06,1242.68,dataRaw/RectangeDatasets/file (3)/data/re (6)
2.380399999999838,44.441199999994296,922.4,2.96,0.22,-0.03,-0.02,305.0,306.1,2042.6,296.81,1243.34,dataRaw/RectangeDatasets/file (3)/data/re (6)
2.6130999999978144,44.03680000000065,922.8000000000001,2.96,0.05,-0.03,0.04,305.2,306.1,2036.7,296.77,1243.77,dataRaw/RectangeDatasets/file (3)/data/re (6)
2.8724999999987233,43.58669999999165,922.9999999999999,2.68,1.27,-0.04,-0.02,304.8,306.1,2038.8,296.67,1242.69,dataRaw/RectangeDatasets/file (3)/data/re (6)
3.1223000000011325,43.14420000000041,922.4999999999999,2.72,1.66,0.0,0.0,305.3,306.1,2041.1,296.57,1241.79,dataRaw/RectangeDatasets/file (3)/data/re (6)
3.374099999998492,42.70929999999851,921.9,2.82,2.05,0.01,0.01,305.4,306.2,2039.7,296.42,1241.4,dataRaw/RectangeDatasets/file (3)/data/re (6)
3.631599999998514,42.266799999993054,921.1,2.89,3.74,-0.02,-0.04,304.7,306.5,2043.6,296.33,1241.64,dataRaw/RectangeDatasets/file (3)/data/re (6)
3.9005000000003065,41.816699999998264,919.6999999999999,3.43,2.44,-0.02,0.03,304.9,306.9,2043.2,296.21,1241.39,dataRaw/RectangeDatasets/file (3)/data/re (6)
4.142800000000335,41.40470000000107,918.4999999999999,3.34,3.44,0.0,0.06,305.3,307.4,2041.1,296.1,1241.21,dataRaw/RectangeDatasets/file (3)/data/re (6)
4.413599999999462,40.96979999999917,918.6,3.24,3.66,0.01,-0.01,306.1,307.8,2042.1,295.97,1240.07,dataRaw/RectangeDatasets/file (3)/data/re (6)
4.6786999999994805,40.527299999993716,918.4999999999999,3.22,2.57,-0.01,-0.05,306.3,308.4,2046.1,295.85,1239.54,dataRaw/RectangeDatasets/file (3)/data/re (6)
4.953399999997998,40.107699999992974,918.3000000000001,3.7,-0.38,-0.01,0.06,306.4,308.8,2045.5,295.75,1239.17,dataRaw/RectangeDatasets/file (3)/data/re (6)
5.218499999998016,39.68809999999223,919.1999999999999,3.69,1.04,-0.02,0.0,305.6,308.9,2045.1,295.61,1239.21,dataRaw/RectangeDatasets/file (3)/data/re (6)
5.489399999998312,39.26079999999388,920.4999999999999,3.96,1.58,-0.03,0.0,305.5,308.7,2042.3,295.5,1239.4,dataRaw/RectangeDatasets/file (3)/data/re (6)
5.75449999999833,38.83359999998959,922.1,3.61,0.1,0.01,-0.08,306.7,308.6,2042.6,295.42,1238.59,dataRaw/RectangeDatasets/file (3)/data/re (6)
6.017700000001014,38.41400000000306,922.3000000000001,3.69,1.02,0.01,-0.04,306.0,308.6,2039.3,295.3,1238.93,dataRaw/RectangeDatasets/file (3)/data/re (6)
6.298099999998641,37.97139999998933,922.6999999999999,3.52,0.27,-0.04,-0.02,305.2,308.4,2034.5,295.2,1240.21,dataRaw/RectangeDatasets/file (3)/data/re (6)
6.540300000001054,37.5746999999933,922.6,3.1,0.03,0.0,0.0,305.6,308.1,2030.8,295.07,1240.48,dataRaw/RectangeDatasets/file (3)/data/re (6)
6.811100000000181,37.13220000000206,921.8000000000001,3.16,0.64,-0.05,0.01,303.9,307.9,2027.5,294.97,1240.19,dataRaw/RectangeDatasets/file (3)/data/re (6)
7.07050000000109,36.697300000000155,921.4,2.74,1.54,-0.07,-0.01,303.0,307.7,2024.0,294.87,1239.87,dataRaw/RectangeDatasets/file (3)/data/re (6)
7.329899999998446,36.27769999999941,920.6,2.86,2.8,-0.05,0.09,303.9,307.3,2025.2,294.74,1239.39,dataRaw/RectangeDatasets/file (3)/data/re (6)
7.589299999999355,35.83519999999396,920.9999999999999,2.74,3.11,0.0,0.07,305.0,307.4,2027.4,294.63,1239.78,dataRaw/RectangeDatasets/file (3)/data/re (6)
7.852599999999654,35.40029999999206,922.1,2.94,2.8,-0.06,0.0,304.2,307.8,2029.7,294.55,1239.86,dataRaw/RectangeDatasets/file (3)/data/re (6)
8.12909999999789,34.957800000000816,922.6999999999999,2.82,0.35,0.0,0.01,305.9,307.8,2032.5,294.44,1238.98,dataRaw/RectangeDatasets/file (3)/data/re (6)
8.3884999999988,34.522999999992976,923.1,3.09,-0.1,-0.02,-0.01,305.1,307.5,2036.6,294.33,1239.04,dataRaw/RectangeDatasets/file (3)/data/re (6)
8.897799999999734,33.66849999999033,926.8000000000001,3.88,2.6,-0.02,0.04,305.0,307.2,2040.5,294.12,1240.13,dataRaw/RectangeDatasets/file (3)/data/re (6)
9.157200000000643,33.23360000000264,930.8000000000001,4.08,0.42,-0.02,-0.02,306.3,307.2,2039.5,294.05,1240.13,dataRaw/RectangeDatasets/file (3)/data/re (6)
9.412799999999777,32.806299999990074,935.9,4.01,2.75,-0.04,-0.03,305.3,307.2,2035.6,293.89,1241.46,dataRaw/RectangeDatasets/file (3)/data/re (6)
9.668399999998911,32.371499999996445,939.4999999999999,2.85,5.0,-0.02,-0.1,305.3,307.3,2033.0,293.8,1241.42,dataRaw/RectangeDatasets/file (3)/data/re (6)
9.92779999999982,31.94419999999809,940.1,2.18,1.74,-0.01,-0.07,307.0,307.5,2030.4,293.69,1241.05,dataRaw/RectangeDatasets/file (3)/data/re (6)
10.198599999998947,31.50169999999264,938.8000000000001,2.23,2.64,-0.04,-0.09,306.8,307.9,2030.7,293.64,1241.17,dataRaw/RectangeDatasets/file (3)/data/re (6)
10.444599999999582,31.104999999996608,935.1,2.36,2.44,-0.04,0.01,306.0,307.9,2033.5,293.63,1241.32,dataRaw/RectangeDatasets/file (3)/data/re (6)
10.71359999999899,30.654900000001817,933.4,2.34,-1.21,-0.01,0.13,307.4,307.7,2034.4,293.44,1241.25,dataRaw/RectangeDatasets/file (3)/data/re (6)
10.976799999998121,30.219999999999914,935.3000000000001,2.74,0.52,-0.03,-0.12,307.4,307.5,2041.7,293.32,1241.06,dataRaw/RectangeDatasets/file (3)/data/re (6)
11.232400000000808,29.79270000000156,936.4999999999999,2.72,0.44,-0.04,-0.02,305.8,307.2,2042.1,293.2,1241.22,dataRaw/RectangeDatasets/file (3)/data/re (6)
11.491799999998165,29.35789999999372,937.8000000000001,3.21,0.91,-0.02,0.03,306.1,306.9,2041.2,293.12,1241.95,dataRaw/RectangeDatasets/file (3)/data/re (6)
11.75879999999907,28.907699999990655,938.8000000000001,2.64,0.15,-0.04,-0.05,305.1,306.9,2038.2,293.04,1242.31,dataRaw/RectangeDatasets/file (3)/data/re (6)
11.99529999999882,28.495699999993462,938.1999999999999,2.88,1.68,-0.02,0.01,304.5,306.5,2035.1,292.96,1242.19,dataRaw/RectangeDatasets/file (3)/data/re (6)
12.25469999999973,28.05320000000222,937.4999999999999,2.65,2.58,-0.08,0.07,303.9,306.5,2033.5,292.85,1242.03,dataRaw/RectangeDatasets/file (3)/data/re (6)
12.506500000000642,27.60309999999322,937.1999999999999,2.02,0.87,-0.03,-0.09,305.4,306.3,2027.7,292.8,1242.02,dataRaw/RectangeDatasets/file (3)/data/re (6)
12.764000000000664,27.168199999991316,935.8000000000001,2.15,3.35,0.03,-0.08,306.6,306.4,2025.9,292.81,1241.89,dataRaw/RectangeDatasets/file (3)/data/re (6)
13.019599999999798,26.733299999989413,933.4999999999999,1.96,2.68,-0.02,0.03,305.5,306.7,2027.3,292.58,1240.88,dataRaw/RectangeDatasets/file (3)/data/re (6)
13.275199999998932,26.29079999999817,931.4,1.77,3.47,-0.06,0.05,304.7,307.0,2028.7,292.64,1240.15,dataRaw/RectangeDatasets/file (3)/data/re (6)
13.54599999999806,25.84069999998917,928.9999999999999,1.53,0.66,-0.03,0.04,306.2,307.0,2032.1,292.44,1240.02,dataRaw/RectangeDatasets/file (3)/data/re (6)
13.79010000000136,25.428699999991977,927.4999999999999,2.0,1.25,-0.04,0.03,306.2,306.8,2036.8,292.47,1239.74,dataRaw/RectangeDatasets/file (3)/data/re (6)
14.057199999999881,24.978599999997186,926.6,1.82,1.98,-0.04,-0.06,306.0,306.8,2036.8,292.29,1239.24,dataRaw/RectangeDatasets/file (3)/data/re (6)
14.31660000000079,24.528500000002396,925.1999999999999,1.8,1.76,-0.04,-0.01,305.9,306.8,2037.5,292.16,1238.28,dataRaw/RectangeDatasets/file (3)/data/re (6)
14.575999999998146,24.08590000000288,923.3000000000001,2.48,2.69,-0.04,0.06,305.1,306.8,2041.5,292.19,1238.55,dataRaw/RectangeDatasets/file (3)/data/re (6)
14.835399999999055,23.63579999999388,922.6,2.3,0.09,-0.04,0.02,305.6,306.8,2044.1,292.14,1239.61,dataRaw/RectangeDatasets/file (3)/data/re (6)
15.094799999999964,23.193300000002637,922.4999999999999,2.35,1.68,-0.03,0.02,305.1,306.7,2043.7,292.05,1240.43,dataRaw/RectangeDatasets/file (3)/data/re (6)
15.365599999999091,22.735499999996023,921.9,2.26,2.52,-0.06,0.0,304.3,306.6,2043.2,292.0,1240.81,dataRaw/RectangeDatasets/file (3)/data/re (6)
15.611700000000894,22.300700000002394,921.3000000000001,2.35,1.51,-0.03,0.0,305.3,306.5,2044.1,291.88,1241.06,dataRaw/RectangeDatasets/file (3)/data/re (6)
15.874900000000025,21.85819999999694,920.6,1.85,3.19,-0.02,-0.01,305.4,306.6,2047.6,291.8,1241.31,dataRaw/RectangeDatasets/file (3)/data/re (6)
16.13049999999916,21.407999999993876,918.9,1.58,1.76,-0.04,-0.03,305.5,306.7,2048.6,291.74,1240.9,dataRaw/RectangeDatasets/file (3)/data/re (6)
16.39369999999829,20.965500000002635,916.3000000000001,1.67,0.74,0.0,-0.02,305.5,306.7,2049.5,291.64,1241.11,dataRaw/RectangeDatasets/file (3)/data/re (6)
16.6530999999992,20.515399999993633,913.4999999999999,2.16,1.61,-0.06,0.02,304.2,306.7,2045.4,291.59,1241.99,dataRaw/RectangeDatasets/file (3)/data/re (6)
16.91629999999833,20.065299999998842,912.1,1.89,1.53,-0.03,-0.01,304.7,306.5,2041.6,291.47,1241.54,dataRaw/RectangeDatasets/file (3)/data/re (6)
17.185200000000123,19.59990000000289,910.3000000000001,1.94,2.16,-0.02,-0.01,305.1,306.4,2042.7,291.43,1241.1,dataRaw/RectangeDatasets/file (3)/data/re (6)
17.427399999998983,19.180199999993874,907.6999999999999,2.15,2.89,-0.03,0.03,304.8,306.4,2038.9,291.33,1240.66,dataRaw/RectangeDatasets/file (3)/data/re (6)
17.69829999999928,18.722499999995534,906.1999999999999,2.55,2.82,-0.01,0.06,305.0,306.5,2040.9,291.23,1240.55,dataRaw/RectangeDatasets/file (3)/data/re (6)
17.96149999999841,18.272400000000744,907.1999999999999,2.64,2.4,-0.05,0.06,304.9,306.7,2041.5,291.07,1240.01,dataRaw/RectangeDatasets/file (3)/data/re (6)
18.220899999999318,17.82219999999768,908.9,2.72,1.29,-0.01,0.03,305.8,306.8,2042.0,291.06,1240.71,dataRaw/RectangeDatasets/file (3)/data/re (6)
18.48409999999845,17.372100000002888,910.4999999999999,2.43,2.45,-0.02,-0.02,305.8,306.8,2043.2,291.03,1240.99,dataRaw/RectangeDatasets/file (3)/data/re (6)
18.747300000001133,16.929599999997436,910.9999999999999,2.26,1.92,-0.04,0.01,305.6,306.9,2040.6,290.92,1241.08,dataRaw/RectangeDatasets/file (3)/data/re (6)
19.029599999999647,16.456599999997934,910.8000000000001,2.32,-0.34,-0.03,-0.02,305.9,306.9,2045.8,290.86,1241.03,dataRaw/RectangeDatasets/file (3)/data/re (6)
19.279499999999672,16.01409999999248,910.4999999999999,2.4,-2.13,-0.03,-0.07,305.0,306.7,2046.3,290.78,1241.29,dataRaw/RectangeDatasets/file (3)/data/re (6)
19.521699999998532,15.60209999999529,910.3000000000001,2.53,0.11,-0.07,-0.01,302.6,306.2,2041.8,290.66,1242.17,dataRaw/RectangeDatasets/file (3)/data/re (6)
19.784900000001215,15.136699999999337,910.1999999999999,2.36,1.63,-0.05,-0.02,302.7,305.6,2040.8,290.61,1242.02,dataRaw/RectangeDatasets/file (3)/data/re (6)
20.03480000000124,14.678899999992723,909.8000000000001,2.79,1.21,-0.03,0.06,303.9,305.5,2041.2,290.51,1241.1,dataRaw/RectangeDatasets/file (3)/data/re (6)
20.290400000000375,14.228799999997932,910.4999999999999,3.13,1.75,-0.04,0.03,303.9,305.4,2041.3,290.46,1240.83,dataRaw/RectangeDatasets/file (3)/data/re (6)
20.54019999999923,13.770999999991318,911.8000000000001,2.83,2.37,-0.02,-0.01,304.0,305.4,2038.5,290.26,1240.16,dataRaw/RectangeDatasets/file (3)/data/re (6)
20.792000000000144,13.320899999996527,912.4999999999999,2.69,3.82,-0.05,-0.03,303.2,305.5,2033.8,290.24,1240.01,dataRaw/RectangeDatasets/file (3)/data/re (6)
21.055199999999274,12.847899999997026,912.6,3.15,2.16,-0.02,0.04,304.3,305.8,2036.6,290.18,1239.18,dataRaw/RectangeDatasets/file (3)/data/re (6)
21.293599999999913,12.42820000000222,913.8000000000001,2.5,2.1,0.0,-0.06,305.0,305.8,2037.2,290.11,1238.97,dataRaw/RectangeDatasets/file (3)/data/re (6)
21.55300000000082,11.962799999992058,914.8000000000001,2.56,1.51,-0.02,-0.05,304.7,305.9,2038.5,290.02,1238.57,dataRaw/RectangeDatasets/file (3)/data/re (6)
21.80669999999907,11.520300000000816,915.1,2.78,0.34,-0.03,-0.05,304.5,305.7,2036.1,289.96,1238.66,dataRaw/RectangeDatasets/file (3)/data/re (6)
22.05849999999998,11.070199999991814,915.4,2.69,-0.04,-0.01,0.07,305.2,305.4,2033.9,289.85,1239.5,dataRaw/RectangeDatasets/file (3)/data/re (6)
22.304500000000616,10.627700000000573,916.6,2.45,0.29,-0.02,0.06,304.5,305.2,2030.9,289.78,1240.04,dataRaw/RectangeDatasets/file (3)/data/re (6)
22.550599999998866,10.169899999993959,919.9,2.49,-0.18,-0.03,0.03,304.1,305.0,2031.1,289.71,1240.03,dataRaw/RectangeDatasets/file (3)/data/re (6)
22.804300000000666,9.712199999995619,925.6,2.71,-0.43,0.0,0.05,304.2,304.9,2027.3,289.63,1238.82,dataRaw/RectangeDatasets/file (3)/data/re (6)
23.035100000001307,9.284899999997265,932.6999999999999,2.61,0.42,-0.04,-0.02,303.5,304.7,2019.6,289.56,1236.96,dataRaw/RectangeDatasets/file (3)/data/re (6)
23.261999999999006,8.872900000000072,938.6999999999999,3.21,2.68,-0.03,0.06,303.0,304.7,2010.5,289.45,1236.32,dataRaw/RectangeDatasets/file (3)/data/re (6)
23.500399999999644,8.43039999999462,945.8000000000001,2.6,1.61,-0.01,-0.03,304.0,304.8,2003.8,289.42,1235.79,dataRaw/RectangeDatasets/file (3)/data/re (6)
23.735099999999676,7.995600000000991,951.3000000000001,2.64,0.92,0.0,0.0,304.6,305.0,2001.3,289.3,1235.11,dataRaw/RectangeDatasets/file (3)/data/re (6)
23.96389999999826,7.575899999991975,956.1,1.71,1.25,-0.05,-0.07,303.4,305.1,1995.7,289.22,1234.6,dataRaw/RectangeDatasets/file (3)/data/re (6)
24.19659999999979,7.156299999991234,959.3000000000001,2.29,4.03,-0.04,0.07,303.9,305.1,1991.9,289.12,1233.8,dataRaw/RectangeDatasets/file (3)/data/re (6)
24.42930000000132,6.744299999994041,963.4,2.08,4.47,-0.01,0.0,305.3,305.5,1990.5,289.04,1233.16,dataRaw/RectangeDatasets/file (3)/data/re (6)
24.67539999999957,6.31709999998975,966.9,1.46,6.75,-0.02,-0.01,305.2,306.5,1987.1,289.01,1231.77,dataRaw/RectangeDatasets/file (3)/data/re (6)
24.900399999999934,5.943199999990156,968.3000000000001,1.41,2.45,-0.01,0.02,307.2,307.2,1986.9,288.9,1230.41,dataRaw/RectangeDatasets/file (3)/data/re (6)
25.146499999998184,5.531300000001238,970.1,1.24,0.63,0.01,-0.02,308.6,307.6,1986.5,288.83,1229.43,dataRaw/RectangeDatasets/file (3)/data/re (6)
25.41349999999909,5.104000000002884,971.9,1.15,0.74,-0.04,-0.04,306.6,307.8,1983.9,288.74,1228.55,dataRaw/RectangeDatasets/file (3)/data/re (6)
25.873199999999485,4.325799999989499,972.9999999999999,1.85,2.3,-0.02,0.06,307.3,307.6,2010.9,288.6,1229.16,dataRaw/RectangeDatasets/file (3)/data/re (6)
26.115399999998345,3.9366999999970176,974.1999999999999,1.54,0.96,-0.03,0.0,307.6,307.8,2027.3,288.51,1230.48,dataRaw/RectangeDatasets/file (3)/data/re (6)
26.369100000000145,3.517099999996276,974.6,1.41,1.4,0.0,-0.08,307.3,308.0,2031.4,288.46,1232.93,dataRaw/RectangeDatasets/file (3)/data/re (6)
26.5979999999999,3.143299999990745,973.3000000000001,1.11,1.43,-0.05,-0.01,306.1,307.9,2031.7,288.37,1234.0,dataRaw/RectangeDatasets/file (3)/data/re (6)
26.84019999999876,2.7541999999982636,971.4,1.16,-0.26,-0.01,-0.02,307.1,307.8,2031.0,288.33,1236.07,dataRaw/RectangeDatasets/file (3)/data/re (6)
27.086300000000563,2.342200000001071,969.8000000000001,0.34,1.12,-0.02,-0.11,306.6,307.6,2030.0,288.24,1238.29,dataRaw/RectangeDatasets/file (3)/data/re (6)
27.328499999999423,1.930199999989668,966.4999999999999,-0.36,-0.05,-0.03,0.01,305.7,307.6,2030.1,288.19,1239.52,dataRaw/RectangeDatasets/file (3)/data/re (6)
27.56690000000006,1.5257999999960248,961.9,-0.43,-1.22,-0.03,0.03,306.5,307.1,2031.4,288.15,1240.47,dataRaw/RectangeDatasets/file (3)/data/re (6)
27.80909999999892,1.1214999999964448,957.4,-0.52,-0.94,-0.02,-0.04,306.1,306.9,2032.0,288.18,1241.52,dataRaw/RectangeDatasets/file (3)/data/re (6)
28.049499999998062,0.7094999999992524,953.3000000000001,0.55,-0.98,-0.02,0.06,304.8,306.4,2034.4,288.05,1241.63,dataRaw/RectangeDatasets/file (3)/data/re (6)
28.295499999998697,0.2745999999973492,950.9999999999999,0.27,-0.88,-0.03,0.0,303.9,305.7,2031.1,287.94,1241.87,dataRaw/RectangeDatasets/file (3)/data/re (6)
28.513000000000233,-0.11450000000934324,948.3000000000001,-0.04,-0.38,-0.05,0.02,303.4,305.4,2034.4,287.92,1242.55,dataRaw/RectangeDatasets/file (3)/data/re (6)
28.749499999999983,-0.5570000000005848,945.6,-0.21,0.56,-0.01,0.0,304.4,305.1,2040.0,287.9,1242.95,dataRaw/RectangeDatasets/file (3)/data/re (6)
28.98219999999796,-0.9766000000013264,942.6,0.16,1.16,-0.03,0.06,303.3,305.1,2054.1,287.81,1243.25,dataRaw/RectangeDatasets/file (3)/data/re (6)
29.2129999999986,-1.4115000000032296,939.6,-0.32,2.32,-0.02,-0.02,303.1,304.8,2060.9,287.78,1243.76,dataRaw/RectangeDatasets/file (3)/data/re (6)
29.449499999998352,-1.8311000000039712,937.3000000000001,-0.15,2.92,-0.02,0.02,304.0,305.0,2065.6,287.78,1244.39,dataRaw/RectangeDatasets/file (3)/data/re (6)
29.684100000000768,-2.258300000008262,935.6999999999999,0.27,1.9,-0.01,0.03,305.1,305.2,2067.0,287.87,1244.69,dataRaw/RectangeDatasets/file (3)/data/re (6)
29.933899999999625,-2.708499999997116,934.9999999999999,0.05,1.71,-0.01,-0.02,305.5,305.6,2066.9,287.82,1243.78,dataRaw/RectangeDatasets/file (3)/data/re (6)
30.159000000001157,-3.1052000000073576,934.1,-0.23,2.4,-0.02,-0.04,304.8,305.7,2068.6,287.79,1243.02,dataRaw/RectangeDatasets/file (3)/data/re (6)
30.408900000001182,-3.540100000009261,932.3000000000001,0.09,0.87,0.0,0.03,305.1,305.9,2072.9,287.66,1242.87,dataRaw/RectangeDatasets/file (3)/data/re (6)
30.651100000000042,-3.967299999999341,931.1999999999999,-0.65,-4.02,-0.03,-0.05,304.1,305.9,2071.4,287.76,1242.56,dataRaw/RectangeDatasets/file (3)/data/re (6)
30.88950000000068,-4.409800000004793,928.6999999999999,-0.47,-2.93,-0.05,-0.01,302.0,304.9,2070.7,287.66,1241.57,dataRaw/RectangeDatasets/file (3)/data/re (6)
31.118400000000435,-4.837100000003147,925.4,-0.47,-0.4,-0.04,0.01,301.2,303.9,2067.2,287.76,1241.15,dataRaw/RectangeDatasets/file (3)/data/re (6)
31.34730000000019,-5.287199999997938,922.4,-0.32,-0.4,-0.04,0.02,301.4,303.4,2066.9,287.64,1240.34,dataRaw/RectangeDatasets/file (3)/data/re (6)
31.58759999999816,-5.76019999999744,919.9,0.07,0.63,-0.03,0.02,301.2,302.9,2066.5,287.74,1240.61,dataRaw/RectangeDatasets/file (3)/data/re (6)
31.80499999999853,-6.187500000010004,918.1999999999999,-0.21,1.34,-0.04,0.0,300.5,302.9,2066.6,287.64,1241.51,dataRaw/RectangeDatasets/file (3)/data/re (6)
32.01490000000007,-6.622399999997697,916.4999999999999,-0.03,1.26,-0.01,0.01,300.9,302.8,2065.3,287.62,1241.6,dataRaw/RectangeDatasets/file (3)/data/re (6)
32.243699999998654,-7.072500000006698,914.9999999999999,0.07,-1.93,-0.03,0.01,300.7,302.7,2062.8,287.76,1242.08,dataRaw/RectangeDatasets/file (3)/data/re (6)
32.46499999999841,-7.530299999999102,914.3000000000001,0.21,-10.82,0.02,0.01,300.9,301.8,2061.6,287.66,1241.88,dataRaw/RectangeDatasets/file (3)/data/re (6)
32.667199999998786,-7.980400000008103,913.6999999999999,0.71,-16.79,0.0,0.08,297.6,299.7,2060.7,287.76,1240.98,dataRaw/RectangeDatasets/file (3)/data/re (6)
32.846499999998,-8.453400000007605,914.1999999999999,0.96,-20.69,-0.04,0.12,291.5,296.3,2058.9,287.78,1239.87,dataRaw/RectangeDatasets/file (3)/data/re (6)
32.991400000000226,-8.941700000008268,916.1,0.97,-21.5,-0.04,0.15,286.4,291.6,2055.1,287.78,1239.19,dataRaw/RectangeDatasets/file (3)/data/re (6)
33.10390000000041,-9.475800000004142,919.4,1.38,-19.53,-0.01,0.09,281.5,286.3,2051.4,287.78,1238.42,dataRaw/RectangeDatasets/file (3)/data/re (6)
33.168799999998555,-9.933500000002482,922.3000000000001,1.47,-18.89,-0.03,0.12,276.1,282.5,2050.6,287.83,1237.89,dataRaw/RectangeDatasets/file (3)/data/re (6)
33.20889999999821,-10.444700000007856,925.9999999999999,1.35,-18.75,-0.02,0.07,271.7,277.9,2047.0,287.84,1237.39,dataRaw/RectangeDatasets/file (3)/data/re (6)
33.22029999999998,-10.948200000001407,929.4,1.09,-20.23,-0.01,0.02,267.7,273.7,2043.6,287.86,1237.07,dataRaw/RectangeDatasets/file (3)/data/re (6)
33.195499999997935,-11.43650000000207,932.1,0.16,-18.58,-0.04,-0.02,262.4,269.4,1924.3,287.9,1234.21,dataRaw/RectangeDatasets/file (3)/data/re (6)
33.14019999999829,-11.932400000006282,932.4,0.34,-18.41,-0.02,0.02,258.5,265.3,1738.9,287.91,1227.23,dataRaw/RectangeDatasets/file (3)/data/re (6)
33.05819999999926,-12.397800000002235,931.1,0.18,-18.12,-0.01,0.04,254.4,261.3,1683.0,287.91,1219.27,dataRaw/RectangeDatasets/file (3)/data/re (6)
32.943700000000575,-12.886100000002898,929.1,0.13,-18.03,-0.03,0.07,249.1,257.0,1678.3,287.92,1212.09,dataRaw/RectangeDatasets/file (3)/data/re (6)
32.81020000000012,-13.321000000004801,927.1,-0.7,-18.89,-0.02,-0.02,245.2,252.9,1674.0,287.92,1206.6,dataRaw/RectangeDatasets/file (3)/data/re (6)
32.65000000000029,-13.733000000001994,923.8000000000001,-0.76,-18.17,-0.01,0.04,241.0,248.8,1614.4,287.93,1202.88,dataRaw/RectangeDatasets/file (3)/data/re (6)
32.457399999998415,-14.137300000001574,919.9999999999999,-0.62,-17.56,-0.03,0.08,236.0,244.7,1557.3,287.93,1197.31,dataRaw/RectangeDatasets/file (3)/data/re (6)
32.243699999998654,-14.533999999997604,916.9,-0.41,-18.72,-0.02,0.06,232.3,240.0,1530.6,287.97,1191.38,dataRaw/RectangeDatasets/file (3)/data/re (6)
32.00340000000068,-14.90030000000786,913.3000000000001,0.38,-18.33,0.01,0.05,228.4,235.7,1528.6,287.8,1186.56,dataRaw/RectangeDatasets/file (3)/data/re (6)
31.75159999999977,-15.22830000000397,910.1999999999999,0.42,-19.12,-0.04,0.24,222.3,231.0,1539.4,287.95,1181.68,dataRaw/RectangeDatasets/file (3)/data/re (6)
31.476999999998867,-15.525900000000092,910.6999999999999,0.38,-18.3,-0.03,0.14,216.3,226.0,1564.5,287.99,1179.0,dataRaw/RectangeDatasets/file (3)/data/re (6)
31.168000000000973,-15.815799999998603,911.4,-1.1,-14.0,-0.03,0.02,211.3,221.2,1565.6,287.97,1177.72,dataRaw/RectangeDatasets/file (3)/data/re (6)
30.870400000001297,-16.044700000009016,910.6,-1.94,-5.66,-0.05,-0.12,209.2,217.4,1555.6,287.93,1175.83,dataRaw/RectangeDatasets/file (3)/data/re (6)
30.563399999998353,-16.288799999998105,899.6,-0.63,-1.87,-0.02,0.06,210.2,215.4,1548.7,287.92,1173.72,dataRaw/RectangeDatasets/file (3)/data/re (6)
30.218099999999026,-16.532900000001405,895.1999999999999,-1.23,-3.57,-0.02,-0.04,210.7,214.6,1546.3,287.92,1171.96,dataRaw/RectangeDatasets/file (3)/data/re (6)
29.61919999999907,-16.95260000001042,882.6999999999999,-1.88,2.86,-0.02,-0.06,208.2,213.8,1545.5,287.79,1168.98,dataRaw/RectangeDatasets/file (3)/data/re (6)
29.293100000000294,-17.181399999998348,874.3000000000001,-2.18,2.98,0.0,0.01,209.1,214.1,1545.1,287.78,1167.91,dataRaw/RectangeDatasets/file (3)/data/re (6)
28.970699999998573,-17.41030000000876,865.9999999999999,-1.96,1.4,-0.01,-0.19,210.8,214.6,1539.4,287.7,1167.89,dataRaw/RectangeDatasets/file (3)/data/re (6)
28.667500000000956,-17.639200000004962,857.9,-0.79,-2.22,0.01,0.1,211.5,214.8,1541.1,287.65,1167.19,dataRaw/RectangeDatasets/file (3)/data/re (6)
28.343199999998347,-17.860499999997614,852.3000000000001,-1.72,-0.54,-0.01,0.01,209.7,214.5,1545.6,287.55,1166.02,dataRaw/RectangeDatasets/file (3)/data/re (6)
28.028500000001344,-18.089299999999753,847.3000000000001,-1.72,0.49,-0.04,0.08,208.1,214.3,1546.1,287.46,1164.64,dataRaw/RectangeDatasets/file (3)/data/re (6)
27.725199999999006,-18.295300000005454,841.6,-1.54,0.57,-0.02,0.11,210.3,213.9,1543.8,287.39,1164.69,dataRaw/RectangeDatasets/file (3)/data/re (6)
27.406700000000228,-18.516599999998107,836.9999999999999,-1.89,-0.44,0.05,-0.08,212.6,214.1,1547.2,287.27,1163.47,dataRaw/RectangeDatasets/file (3)/data/re (6)
27.09959999999967,-18.74550000000852,831.6,-2.18,-0.42,0.01,-0.07,210.3,214.2,1542.6,287.15,1162.72,dataRaw/RectangeDatasets/file (3)/data/re (6)
26.788700000000887,-18.95910000000356,826.6999999999999,-1.7,2.05,-0.05,0.02,208.6,213.9,1538.9,287.02,1162.41,dataRaw/RectangeDatasets/file (3)/data/re (6)
26.47400000000033,-19.1726999999986,825.3000000000001,-1.54,0.94,0.02,-0.03,210.7,213.8,1537.5,286.97,1161.53,dataRaw/RectangeDatasets/file (3)/data/re (6)
26.197400000000926,-19.3787000000043,822.9999999999999,-1.08,0.37,0.01,0.01,211.9,214.0,1531.6,286.79,1160.15,dataRaw/RectangeDatasets/file (3)/data/re (6)
25.897999999997978,-19.584700000010002,819.9999999999999,-0.98,-0.31,0.0,-0.04,211.0,214.2,1522.5,286.68,1158.9,dataRaw/RectangeDatasets/file (3)/data/re (6)
25.592799999998306,-19.798300000005042,816.1,-0.68,-0.05,-0.04,-0.07,209.3,214.1,1516.3,286.53,1158.12,dataRaw/RectangeDatasets/file (3)/data/re (6)
25.29339999999891,-19.996700000007195,809.9,-1.27,1.59,0.0,-0.05,210.1,214.0,1508.9,286.37,1156.92,dataRaw/RectangeDatasets/file (3)/data/re (6)
25.003399999999232,-20.217900000005784,802.9999999999999,-2.54,-0.55,0.0,-0.08,211.5,213.9,1506.6,286.21,1155.47,dataRaw/RectangeDatasets/file (3)/data/re (6)
24.705900000000725,-20.423899999997275,793.3000000000001,-2.76,0.81,-0.01,-0.04,211.0,214.0,1507.3,286.06,1155.06,dataRaw/RectangeDatasets/file (3)/data/re (6)
24.40830000000105,-20.629900000002976,781.6999999999999,-2.99,1.99,-0.02,-0.06,209.9,214.0,1527.5,285.9,1153.77,dataRaw/RectangeDatasets/file (3)/data/re (6)
24.114600000000763,-20.835900000008678,770.3000000000001,-2.81,2.75,0.0,0.02,210.7,214.1,1548.9,285.74,1154.46,dataRaw/RectangeDatasets/file (3)/data/re (6)
23.817099999998703,-21.04190000000017,758.6999999999999,-2.8,0.92,0.01,0.09,211.0,214.7,1559.0,285.58,1156.06,dataRaw/RectangeDatasets/file (3)/data/re (6)
23.523300000000802,-21.25550000000942,748.6999999999999,-3.6,-0.69,0.0,-0.01,210.6,214.8,1564.8,285.4,1158.55,dataRaw/RectangeDatasets/file (3)/data/re (6)
23.23339999999874,-21.476800000002072,739.9,-3.5,1.01,-0.03,0.1,209.1,214.4,1567.7,285.18,1161.43,dataRaw/RectangeDatasets/file (3)/data/re (6)
22.922499999999957,-21.690399999997112,734.1,-3.05,-0.98,-0.02,0.05,210.3,214.1,1574.2,285.01,1163.63,dataRaw/RectangeDatasets/file (3)/data/re (6)
22.626899999998784,-21.896400000002814,729.3000000000001,-1.69,3.26,-0.02,0.09,210.8,214.1,1583.8,284.83,1165.7,dataRaw/RectangeDatasets/file (3)/data/re (6)
22.29499999999973,-22.132900000002564,725.6,-0.85,4.38,-0.03,0.19,210.6,214.6,1596.1,284.63,1167.94,dataRaw/RectangeDatasets/file (3)/data/re (6)
22.006999999998555,-22.346499999997604,725.1,-1.42,3.59,-0.02,-0.01,211.0,215.5,1599.6,284.44,1169.62,dataRaw/RectangeDatasets/file (3)/data/re (6)
21.72470000000004,-22.567800000004468,723.3000000000001,-1.02,4.74,0.01,0.04,212.5,216.2,1592.5,284.21,1171.12,dataRaw/RectangeDatasets/file (3)/data/re (6)
21.44050000000064,-22.79670000000067,720.9999999999999,-1.2,0.6,0.02,-0.08,214.1,217.0,1586.3,284.14,1171.8,dataRaw/RectangeDatasets/file (3)/data/re (6)
21.146800000000354,-23.01789999999926,716.4999999999999,-1.05,-1.46,-0.02,-0.03,212.9,217.3,1581.8,283.79,1172.29,dataRaw/RectangeDatasets/file (3)/data/re (6)
20.866399999999174,-23.24680000000967,710.6,-1.98,-2.16,-0.02,-0.07,211.8,216.8,1575.0,283.74,1172.38,dataRaw/RectangeDatasets/file (3)/data/re (6)
20.570799999998002,-23.468100000002323,703.6,-2.96,0.18,-0.04,-0.09,210.9,216.1,1579.0,283.42,1172.33,dataRaw/RectangeDatasets/file (3)/data/re (6)
20.278900000000988,-23.689300000000912,695.1999999999999,-2.81,-0.22,-0.03,-0.03,210.7,215.8,1582.6,283.18,1172.97,dataRaw/RectangeDatasets/file (3)/data/re (6)
19.97569999999982,-23.910600000007776,685.6999999999999,-2.09,0.41,0.0,0.05,211.7,215.3,1580.7,283.07,1173.41,dataRaw/RectangeDatasets/file (3)/data/re (6)
19.702899999998635,-24.108900000001654,678.6999999999999,-2.09,2.3,-0.06,-0.06,209.6,215.3,1576.4,282.75,1172.57,dataRaw/RectangeDatasets/file (3)/data/re (6)
19.401599999998353,-24.337799999997856,670.6999999999999,-1.14,1.64,-0.04,0.13,209.7,215.4,1576.4,282.65,1172.09,dataRaw/RectangeDatasets/file (3)/data/re (6)
19.115499999998065,-24.551400000007106,664.6,-2.52,0.18,-0.02,-0.09,211.6,215.4,1574.2,282.47,1171.32,dataRaw/RectangeDatasets/file (3)/data/re (6)
18.814100000000167,-24.76510000001042,657.9,-2.5,-3.02,0.02,0.08,211.3,215.2,1573.4,282.15,1170.86,dataRaw/RectangeDatasets/file (3)/data/re (6)
18.518499999998994,-24.97870000000546,652.3000000000001,-1.61,-11.06,0.03,0.07,210.1,214.2,1579.1,281.99,1170.47,dataRaw/RectangeDatasets/file (3)/data/re (6)
18.199899999999047,-25.1923000000005,645.6999999999999,-0.69,-18.42,0.04,0.03,206.7,211.3,1576.6,281.69,1170.42,dataRaw/RectangeDatasets/file (3)/data/re (6)
17.898599999998765,-25.344900000007442,640.9,-0.24,-20.38,0.04,0.03,200.7,207.0,1572.8,281.54,1170.06,dataRaw/RectangeDatasets/file (3)/data/re (6)
17.57809999999793,-25.474600000009673,633.9999999999999,-0.88,-18.73,-0.04,0.11,191.6,202.1,1568.4,281.36,1168.47,dataRaw/RectangeDatasets/file (3)/data/re (6)
17.253900000000044,-25.566200000000094,627.4999999999999,-1.09,-20.69,-0.02,0.07,186.7,196.5,1561.7,281.13,1168.08,dataRaw/RectangeDatasets/file (3)/data/re (6)
16.922000000000992,-25.619599999998854,620.6999999999999,-1.53,-21.14,0.01,-0.02,182.9,190.6,1558.1,280.78,1167.15,dataRaw/RectangeDatasets/file (3)/data/re (6)
16.591999999999274,-25.634800000005953,616.4,-2.94,-20.97,0.0,0.0,177.6,185.0,1554.0,280.58,1165.6,dataRaw/RectangeDatasets/file (3)/data/re (6)
16.263999999999612,-25.604299999997693,605.1,-3.69,-20.04,-0.02,-0.01,171.8,179.6,1549.1,280.45,1164.16,dataRaw/RectangeDatasets/file (3)/data/re (6)
15.939700000000556,-25.558500000002482,591.9,-3.61,-21.23,-0.01,0.09,166.5,173.9,1546.6,280.24,1162.27,dataRaw/RectangeDatasets/file (3)/data/re (6)
15.621199999998225,-25.467000000006124,578.9999999999999,-2.59,-21.88,0.0,0.18,160.1,167.9,1548.4,279.9,1159.79,dataRaw/RectangeDatasets/file (3)/data/re (6)
15.30079999999856,-25.32200000000273,567.3000000000001,-2.45,-21.31,0.0,0.05,154.3,160.9,1546.6,279.67,1157.6,dataRaw/RectangeDatasets/file (3)/data/re (6)
15.020400000000933,-25.14650000000529,556.8000000000001,-2.3,-19.48,0.0,0.13,148.5,155.4,1546.6,279.57,1156.34,dataRaw/RectangeDatasets/file (3)/data/re (6)
14.74759999999975,-24.940499999999588,546.1999999999999,-1.03,-20.81,-0.01,0.07,142.7,149.6,1548.9,279.25,1154.4,dataRaw/RectangeDatasets/file (3)/data/re (6)
14.492000000000616,-24.703999999999837,537.6999999999999,-0.55,-21.2,0.01,0.09,137.3,143.3,1542.6,279.14,1153.93,dataRaw/RectangeDatasets/file (3)/data/re (6)
14.265099999999364,-24.429400000002488,530.1,-0.71,-18.98,-0.01,0.11,131.5,137.0,1535.7,278.8,1153.78,dataRaw/RectangeDatasets/file (3)/data/re (6)
14.064799999999877,-24.147100000007526,523.1,-2.07,-10.99,-0.08,-0.05,125.4,131.6,1534.1,278.69,1152.98,dataRaw/RectangeDatasets/file (3)/data/re (6)
13.879799999998,-23.841900000007854,514.4,-1.85,-3.26,-0.03,0.0,124.4,128.1,1530.1,278.35,1151.43,dataRaw/RectangeDatasets/file (3)/data/re (6)
13.692899999998787,-23.51380000000347,506.6,-0.52,-2.33,0.02,0.07,126.8,126.2,1528.6,278.25,1150.54,dataRaw/RectangeDatasets/file (3)/data/re (6)
13.51359999999957,-23.20100000000025,498.4,-0.91,-1.15,0.01,-0.01,127.2,125.7,1529.2,278.06,1150.03,dataRaw/RectangeDatasets/file (3)/data/re (6)
13.17979999999963,-22.605900000002066,483.30000000000007,-0.45,3.41,-0.01,-0.14,124.1,125.9,1528.7,277.49,1147.76,dataRaw/RectangeDatasets/file (3)/data/re (6)
13.008100000000411,-22.308400000000006,475.19999999999993,-0.53,2.85,-0.04,0.06,125.6,126.4,1519.2,277.37,1149.25,dataRaw/RectangeDatasets/file (3)/data/re (6)
12.83069999999853,-22.010899999997946,469.6,-1.19,-0.76,0.0,0.0,128.4,126.7,1517.6,277.09,1149.14,dataRaw/RectangeDatasets/file (3)/data/re (6)
12.622799999999046,-21.659900000003063,463.80000000000007,-1.31,2.97,0.0,-0.03,126.7,127.0,1513.1,276.89,1148.55,dataRaw/RectangeDatasets/file (3)/data/re (6)
12.291000000001162,-21.103000000010752,454.9999999999999,-0.7,3.22,-0.03,0.01,126.1,127.7,1563.7,276.56,1147.26,dataRaw/RectangeDatasets/file (3)/data/re (6)
12.117400000001055,-20.82830000000513,451.19999999999993,-0.12,6.21,0.01,0.16,127.3,128.4,1612.0,276.31,1150.23,dataRaw/RectangeDatasets/file (3)/data/re (6)
11.93049999999829,-20.538400000006618,450.1,-0.56,1.63,-0.04,0.03,129.5,129.5,1629.2,276.01,1153.86,dataRaw/RectangeDatasets/file (3)/data/re (6)
11.741600000000574,-20.256099999997446,448.4999999999999,-1.02,1.02,0.06,0.05,132.3,129.8,1630.7,275.88,1157.76,dataRaw/RectangeDatasets/file (3)/data/re (6)
11.550899999999586,-19.966199999998935,448.1,-2.02,-2.54,0.01,-0.19,129.4,130.2,1621.9,275.67,1160.53,dataRaw/RectangeDatasets/file (3)/data/re (6)
11.362099999999486,-19.676300000000424,444.4999999999999,-2.45,-1.69,-0.06,0.04,124.5,129.6,1617.1,275.47,1161.91,dataRaw/RectangeDatasets/file (3)/data/re (6)
11.18280000000027,-19.38630000000785,439.30000000000007,-2.15,0.49,0.0,-0.01,125.9,128.3,1613.0,275.26,1162.99,dataRaw/RectangeDatasets/file (3)/data/re (6)
10.99400000000017,-19.08120000000224,434.4,-1.69,-0.34,0.0,0.0,127.4,128.2,1604.0,274.95,1162.98,dataRaw/RectangeDatasets/file (3)/data/re (6)
10.820400000000063,-18.79890000000728,427.80000000000007,-2.45,1.71,-0.03,-0.03,124.8,128.4,1600.6,274.71,1163.36,dataRaw/RectangeDatasets/file (3)/data/re (6)
10.63919999999996,-18.516599999998107,418.9,-1.88,1.71,-0.04,-0.06,125.1,128.2,1593.8,274.52,1163.3,dataRaw/RectangeDatasets/file (3)/data/re (6)
10.461799999998078,-18.226699999999596,409.6,-1.54,1.31,0.02,0.02,128.2,128.0,1577.1,274.44,1163.57,dataRaw/RectangeDatasets/file (3)/data/re (6)
10.280599999997975,-17.929100000003473,401.4999999999999,-1.01,-1.44,0.01,0.01,128.1,128.3,1569.4,274.26,1161.63,dataRaw/RectangeDatasets/file (3)/data/re (6)
10.099399999997871,-17.639200000004962,394.1,-2.0,-3.1,-0.03,-0.06,125.2,128.1,1570.2,273.93,1158.38,dataRaw/RectangeDatasets/file (3)/data/re (6)
9.925800000001317,-17.341700000002902,384.4,-3.13,-1.12,-0.05,-0.08,124.1,127.0,1566.2,273.81,1157.36,dataRaw/RectangeDatasets/file (3)/data/re (6)
9.754199999999713,-17.03650000000323,372.69999999999993,-2.64,-2.23,0.02,0.01,125.0,126.2,1565.9,273.67,1155.68,dataRaw/RectangeDatasets/file (3)/data/re (6)
9.576799999997831,-16.723700000000008,360.6,-2.15,-1.9,-0.01,0.02,123.8,125.3,1562.9,273.36,1153.88,dataRaw/RectangeDatasets/file (3)/data/re (6)
9.416599999997999,-16.433800000001497,349.4999999999999,-1.59,0.44,-0.08,0.06,121.5,124.5,1564.9,273.29,1152.35,dataRaw/RectangeDatasets/file (3)/data/re (6)
9.256399999998166,-16.120999999998276,339.30000000000007,-1.82,3.94,-0.02,0.05,123.1,124.0,1563.4,273.0,1151.23,dataRaw/RectangeDatasets/file (3)/data/re (6)
9.088500000000721,-15.815799999998603,329.30000000000007,-1.19,1.8,0.0,0.05,126.5,124.5,1564.8,272.92,1151.35,dataRaw/RectangeDatasets/file (3)/data/re (6)
8.916899999999117,-15.49529999999777,320.1,-1.96,3.22,-0.02,-0.04,126.3,125.3,1563.5,272.76,1151.22,dataRaw/RectangeDatasets/file (3)/data/re (6)
8.747100000000785,-15.19780000000992,309.69999999999993,-1.77,1.23,-0.01,0.06,126.3,125.8,1566.1,272.49,1150.25,dataRaw/RectangeDatasets/file (3)/data/re (6)
8.569699999998903,-14.90030000000786,299.80000000000007,-2.22,0.4,0.02,-0.03,127.7,126.2,1568.8,272.4,1149.8,dataRaw/RectangeDatasets/file (3)/data/re (6)
8.396199999999965,-14.579800000007026,289.6,-2.41,0.36,-0.02,-0.05,126.9,126.4,1572.0,272.11,1149.55,dataRaw/RectangeDatasets/file (3)/data/re (6)
8.21110000000047,-14.267000000003804,280.1,-2.91,0.41,0.01,0.03,127.3,126.4,1571.3,272.06,1150.42,dataRaw/RectangeDatasets/file (3)/data/re (6)
8.039499999998867,-13.969500000001744,272.4999999999999,-3.16,-0.53,-0.02,-0.05,127.3,126.4,1571.4,271.93,1150.12,dataRaw/RectangeDatasets/file (3)/data/re (6)
7.86589999999876,-13.664300000002072,263.30000000000007,-3.22,0.85,0.0,-0.04,127.4,126.3,1570.1,271.73,1149.98,dataRaw/RectangeDatasets/file (3)/data/re (6)
7.6846999999986565,-13.35149999999885,253.10000000000002,-2.67,0.56,-0.04,0.02,127.0,126.4,1572.7,271.56,1150.47,dataRaw/RectangeDatasets/file (3)/data/re (6)
7.503499999998553,-13.046299999999178,244.10000000000002,-2.45,1.75,0.0,0.03,127.0,126.4,1573.1,271.41,1150.46,dataRaw/RectangeDatasets/file (3)/data/re (6)
7.326100000000224,-12.733500000010167,235.10000000000002,-1.36,1.69,0.04,0.08,128.5,126.4,1576.2,271.12,1150.24,dataRaw/RectangeDatasets/file (3)/data/re (6)
7.144900000000121,-12.428300000010495,226.89999999999998,-1.76,3.56,-0.02,0.04,127.7,127.1,1568.1,270.99,1149.64,dataRaw/RectangeDatasets/file (3)/data/re (6)
6.958000000000908,-12.123200000004886,220.10000000000002,-2.01,0.26,-0.05,0.0,126.8,127.8,1509.3,270.92,1148.64,dataRaw/RectangeDatasets/file (3)/data/re (6)
6.763499999998146,-11.802700000004052,214.19999999999993,-2.26,-0.59,0.01,-0.03,127.6,127.8,1497.0,270.77,1146.42,dataRaw/RectangeDatasets/file (3)/data/re (6)
6.586099999999817,-11.51280000000554,208.30000000000007,-2.37,0.55,-0.01,-0.1,127.2,127.7,1485.8,270.52,1144.54,dataRaw/RectangeDatasets/file (3)/data/re (6)
6.401099999997939,-11.207600000005868,200.19999999999993,-2.03,-0.98,0.0,-0.02,127.6,127.7,1452.5,270.47,1143.04,dataRaw/RectangeDatasets/file (3)/data/re (6)
6.2198999999978355,-10.90250000000026,191.60000000000002,-1.64,-3.76,0.05,0.08,128.0,127.3,1444.3,270.22,1140.91,dataRaw/RectangeDatasets/file (3)/data/re (6)
6.042499999999507,-10.604900000004136,185.39999999999998,-1.51,-2.45,0.02,-0.08,127.2,126.4,1451.8,270.18,1138.82,dataRaw/RectangeDatasets/file (3)/data/re (6)
5.870800000000287,-10.284499999997365,179.89999999999998,-1.6,-0.99,0.0,-0.01,126.1,125.6,1454.7,270.05,1137.51,dataRaw/RectangeDatasets/file (3)/data/re (6)
5.70109999999957,-9.979299999997693,173.10000000000002,-1.13,-0.49,-0.04,0.05,126.5,125.2,1450.1,269.8,1137.62,dataRaw/RectangeDatasets/file (3)/data/re (6)
5.519899999999467,-9.65120000000752,165.89999999999998,-1.59,-0.15,0.0,-0.07,126.4,125.3,1443.2,269.77,1138.24,dataRaw/RectangeDatasets/file (3)/data/re (6)
5.348200000000247,-9.35370000000546,159.39999999999998,-1.43,-1.69,-0.02,0.03,125.4,125.4,1442.9,269.49,1138.17,dataRaw/RectangeDatasets/file (3)/data/re (6)
5.1880000000004145,-9.048500000005788,154.19999999999993,-1.96,2.02,0.0,-0.07,125.6,125.0,1448.6,269.47,1136.9,dataRaw/RectangeDatasets/file (3)/data/re (6)
5.02209999999792,-8.743300000006116,148.4999999999999,-2.0,0.94,-0.01,-0.08,125.8,125.1,1449.7,269.32,1135.81,dataRaw/RectangeDatasets/file (3)/data/re (6)
4.846600000000478,-8.445800000004056,142.19999999999993,-2.47,-0.99,-0.01,-0.13,125.7,125.5,1434.2,269.15,1136.06,dataRaw/RectangeDatasets/file (3)/data/re (6)
4.676799999998593,-8.125399999997285,134.4999999999999,-1.33,0.11,-0.01,0.02,124.9,125.4,1396.4,268.9,1136.77,dataRaw/RectangeDatasets/file (3)/data/re (6)
4.499400000000264,-7.804900000010662,126.30000000000007,-1.26,1.41,-0.03,-0.13,124.8,125.1,1389.4,268.84,1136.09,dataRaw/RectangeDatasets/file (3)/data/re (6)
4.159900000001215,-7.209799999998268,110.0,-2.36,2.5,-0.03,0.06,124.7,126.3,1387.8,268.55,1135.29,dataRaw/RectangeDatasets/file (3)/data/re (6)
3.993999999998721,-6.919899999999757,103.0,-2.5,2.05,-0.01,-0.07,126.2,126.7,1392.9,268.42,1134.93,dataRaw/RectangeDatasets/file (3)/data/re (6)
3.8146999999995046,-6.622399999997697,93.79999999999995,-1.79,0.27,0.04,0.01,128.1,127.0,1382.4,268.14,1135.04,dataRaw/RectangeDatasets/file (3)/data/re (6)
3.6202000000002954,-6.301899999996863,85.5,-1.92,2.88,0.02,-0.11,128.7,127.3,1367.7,268.08,1134.55,dataRaw/RectangeDatasets/file (3)/data/re (6)
3.2864000000003557,-5.737400000001003,66.89999999999998,-1.04,0.83,0.0,0.07,127.7,127.4,1359.0,267.77,1134.72,dataRaw/RectangeDatasets/file (3)/data/re (6)
3.082299999999094,-5.394000000009669,58.5,-0.81,0.6,0.04,0.04,127.3,127.2,1304.4,267.49,1133.53,dataRaw/RectangeDatasets/file (3)/data/re (6)
2.763800000000316,-4.867599999997196,49.39999999999998,-0.51,-1.41,-0.01,-0.05,127.1,126.5,1271.0,267.19,1129.72,dataRaw/RectangeDatasets/file (3)/data/re (6)
2.595899999999318,-4.570100000009347,43.299999999999955,-0.02,0.38,0.01,0.03,126.4,126.1,1249.8,267.14,1127.78,dataRaw/RectangeDatasets/file (3)/data/re (6)
2.4319000000012636,-4.280100000002562,37.5,-0.05,0.59,-0.03,-0.07,125.9,126.1,1147.6,267.01,1125.9,dataRaw/RectangeDatasets/file (3)/data/re (6)
2.271699999997878,-4.005500000005213,31.199999999999932,1.79,-0.78,0.0,0.04,127.4,126.2,1084.4,266.84,1123.1,dataRaw/RectangeDatasets/file (3)/data/re (6)
2.11529999999982,-3.7156000000067024,26.799999999999955,2.2,-0.03,-0.02,0.03,128.2,126.0,1058.3,266.55,1118.52,dataRaw/RectangeDatasets/file (3)/data/re (6)
1.9549999999988188,-3.43329999999753,22.899999999999977,2.82,0.26,-0.01,0.0,126.8,126.1,1000.0,266.51,1113.36,dataRaw/RectangeDatasets/file (3)/data/re (6)
1.8081999999992604,-3.1815000000108284,19.699999999999932,3.03,-0.27,-0.01,-0.03,125.8,126.2,921.9,266.34,1104.32,dataRaw/RectangeDatasets/file (3)/data/re (6)
1.6575000000003115,-2.929700000009916,14.299999999999955,4.14,2.25,0.0,-0.05,125.2,126.1,881.5,266.14,1089.4,dataRaw/RectangeDatasets/file (3)/data/re (6)
1.514400000001359,-2.6703000000054544,9.399999999999977,5.53,0.2,0.03,-0.01,126.7,126.3,842.6,265.98,1076.78,dataRaw/RectangeDatasets/file (3)/data/re (6)
1.3694999999991353,-2.4262000000021544,7.199999999999932,7.06,1.82,0.03,0.03,127.9,126.4,828.7,265.7,1065.11,dataRaw/RectangeDatasets/file (3)/data/re (6)
1.2301999999984048,-2.1897000000024036,5.7999999999999545,7.39,1.64,-0.04,-0.05,127.5,126.8,828.4,265.62,1054.61,dataRaw/RectangeDatasets/file (3)/data/re (6)
1.0928999999997302,-1.9532000000026528,3.5,7.55,1.7,0.0,-0.12,128.7,127.2,818.8,265.46,1044.48,dataRaw/RectangeDatasets/file (3)/data/re (6)
0.9537000000001683,-1.7243000000064512,3.0,5.9,-0.3,0.01,-0.08,129.0,127.7,815.5,265.14,1033.98,dataRaw/RectangeDatasets/file (3)/data/re (6)
0.8239999999979375,-1.5259000000042988,2.699999999999932,3.85,1.18,-0.06,-0.03,127.1,128.1,821.1,265.01,1025.7,dataRaw/RectangeDatasets/file (3)/data/re (6)
0.7018999999992559,-1.3123000000092588,2.7999999999999545,2.52,0.85,0.01,0.02,127.3,127.1,822.5,264.72,1016.76,dataRaw/RectangeDatasets/file (3)/data/re (6)
0.5740999999979124,-1.0911000000106696,2.699999999999932,2.35,0.92,-0.08,0.02,126.3,127.1,820.6,264.63,1009.37,dataRaw/RectangeDatasets/file (3)/data/re (6)
0.4558999999986213,-0.8927000000085172,2.699999999999932,2.2,0.83,-0.04,0.04,125.3,126.0,1053.2,264.48,1005.98,dataRaw/RectangeDatasets/file (3)/data/re (6)
0.3394999999990489,-0.6790999999992664,2.7999999999999545,2.14,0.98,-0.02,-0.03,125.1,125.4,1564.8,264.13,1024.6,dataRaw/RectangeDatasets/file (3)/data/re (6)
0.2193999999988705,-0.46540000001016324,2.6000000000000227,2.25,0.98,-0.03,-0.02,124.7,125.0,1929.2,264.01,1052.09,dataRaw/RectangeDatasets/file (3)/data/re (6)
0.0992000000010762,-0.23660000000802484,2.6000000000000227,2.26,0.77,0.04,-0.06,126.5,125.0,2116.6,263.8,1081.26,dataRaw/RectangeDatasets/file (3)/data/re (6)
-0.04390000000142891,0.01519999999288757,2.5,2.4,0.78,0.0,0.02,126.4,126.2,2186.6,263.48,1104.94,dataRaw/RectangeDatasets/file (3)/data/re (6)
